BY01DX001,启动控制反馈:PM1-1
BY01DX002,启动控制反馈:PM1-2
BY01DX003,启动控制反馈:PM1-3
BY01DX004,启动控制反馈:PM1-4
BY01DX005,启动控制反馈:PM1-5
BY01DX006,启动控制反馈:PM1-6
BY01DX007,启动控制反馈:PM1-7
BY01DX008,启动控制反馈:PM1-8
BY01DX009,启动控制反馈:PM1-9
BY01DX010,启动控制反馈:PM1-10
BY01DX011,启动控制反馈:PM1-11
BY01DX012,启动控制反馈:PM1-12
BY01DX013,启动控制反馈:PM1-13
BY01DX014,启动控制反馈:双熔盐换热器
BY01DX015,启动控制反馈:PL1-1
BY01DX016,启动控制反馈:PL1-2
BY01DX017,启动控制反馈:PL1-3
BY01DX018,启动控制反馈:一回路流量计伴热
BY01DX019,启动控制反馈:PL1-5
BY01DX020,启动控制反馈:PL1-6
BY01DX021,启动控制反馈:PL1-7
BY01DX022,负载运行状态:PM1-1
BY01DX023,可控硅故障:PM1-1
BY01DX024,上电备妥:PM1-1
BY01DX025,负载运行状态:PM1-2
BY01DX026,可控硅故障:PM1-2
BY01DX027,上电备妥:PM1-2
BY01DX028,负载运行状态:PM1-3
BY01DX029,可控硅故障:PM1-3
BY01DX030,上电备妥:PM1-3
BY01DX031,负载运行状态:PM1-4
BY01DX032,可控硅故障:PM1-4
BY01DX033,上电备妥:PM1-4
BY01DX034,负载运行状态:PM1-5
BY01DX035,可控硅故障:PM1-5
BY01DX036,上电备妥:PM1-5
BY01DX037,负载运行状态:PM1-6
BY01DX038,可控硅故障:PM1-6
BY01DX039,上电备妥:PM1-6
BY01DX040,负载运行状态:PM1-7
BY01DX041,可控硅故障:PM1-7
BY01DX042,上电备妥:PM1-7
BY01DX043,负载运行状态:PM1-8
BY01DX044,可控硅故障:PM1-8
BY01DX045,上电备妥:PM1-8
BY01DX046,负载运行状态:PM1-9
BY01DX047,可控硅故障:PM1-9
BY01DX048,上电备妥:PM1-9
BY01DX049,负载运行状态:PM1-10
BY01DX050,可控硅故障:PM1-10
BY01DX051,上电备妥:PM1-10
BY01DX052,负载运行状态:PM1-11
BY01DX053,可控硅故障:PM1-11
BY01DX054,上电备妥:PM1-11
BY01DX055,负载运行状态:PM1-12
BY01DX056,可控硅故障:PM1-12
BY01DX057,上电备妥:PM1-12
BY01DX058,负载运行状态:PM1-13
BY01DX059,可控硅故障:PM1-13
BY01DX060,上电备妥:PM1-13
BY01DX061,一回路泵罐热电偶式液位1
BY01DX062,一回路泵罐热电偶式液位2
BY01DX063,一回路泵罐热电偶式液位3
BY01DX064,一回路泵罐热电偶式液位4
BY01DX065,一回路泵罐热电偶式液位5
BY01DX066,一回路泵罐热电偶式液位6
BY01DX067,一回路泵罐热电偶式液位7
BY01DX068,负载运行状态:双熔盐换热器
BY01DX069,可控硅故障:双熔盐换热器
BY01DX070,上电备妥:双熔盐换热器
BY01DX071,负载运行状态:PL1-1
BY01DX072,可控硅故障:PL1-1
BY01DX073,上电备妥:PL1-1
BY01DX074,负载运行状态:PL1-2
BY01DX075,可控硅故障:PL1-2
BY01DX076,上电备妥:PL1-2
BY01DX077,负载运行状态:PL1-3
BY01DX078,可控硅故障:PL1-3
BY01DX079,上电备妥:PL1-3
BY01DX080,负载运行状态:一回路流量计伴热
BY01DX081,可控硅故障:一回路流量计伴热
BY01DX082,上电备妥:一回路流量计伴热
BY01DX083,负载运行状态:PL1-5
BY01DX084,可控硅故障:PL1-5
BY01DX085,上电备妥:PL1-5
BY01DX086,负载运行状态:PL1-6
BY01DX087,可控硅故障:PL1-6
BY01DX088,上电备妥:PL1-6
BY01DX089,负载运行状态:PL1-7
BY01DX090,可控硅故障:PL1-7
BY01DX091,上电备妥:PL1-7
BY01DX092,超温报警反馈:PM1-1
BY01DX093,超温报警反馈:PM1-2
BY01DX094,超温报警反馈:PM1-3
BY01DX095,超温报警反馈:PM1-4
BY01DX096,超温报警反馈:PM1-5
BY01DX097,超温报警反馈:PM1-6
BY01DX098,超温报警反馈:PM1-7
BY01DX099,超温报警反馈:PM1-8
BY01DX100,超温报警反馈:PM1-9
BY01DX101,超温报警反馈:PM1-10
BY01DX102,超温报警反馈:PM1-11
BY01DX103,超温报警反馈:PM1-12
BY01DX104,超温报警反馈:PM1-13
BY01DX105,超温报警反馈:双熔盐换热器
BY01DX106,超温报警反馈:PL1-1
BY01DX107,超温报警反馈:PL1-2
BY01DX108,超温报警反馈:PL1-3
BY01DX109,超温报警反馈:PL1-4
BY01DX110,超温报警反馈:PL1-5
BY01DX111,超温报警反馈:PL1-6
BY01DX112,超温报警反馈:PL1-7
BY01DX113,备用
BY01DX114,一号柜XCU状态
BY01DX115,一号柜XCU-A状态
BY01DX116,一号柜XCU-B状态
BY01DX117,一号柜NET状态
BY01DX118,备用
BY01DX119,备用
BY01DX120,备用
BY01DX121,备用
BY01DX122,备用
BY01DX123,备用
BY01DX124,备用
BY01DX125,备用
BY01DX126,备用
BY01DX127,备用
BY01DX128,备用
BY01DX129,备用
BY01DX130,备用
BY01DX131,备用
BY01DX132,备用
BY01DX133,备用
BY01DX134,备用
BY01DX135,备用
BY01DX136,备用
BY01DX137,备用
BY01DX138,备用
BY01DX139,备用
BY01DX140,备用
BY01DX141,备用
BY01DX142,备用
BY01DX143,备用
BY01DX144,备用
BY01DX145,备用
BY01DX146,备用
BY01DX147,备用
BY01DX148,备用
BY01DX149,备用
BY01DX150,备用
BY01DX151,备用
BY01DX152,备用
BY01DX153,备用
BY01DX154,备用
BY01DX155,备用
BY01DX156,备用
BY01DX157,备用
BY01DX158,备用
BY01DX159,备用
BY01DX160,备用
BY01DX161,备用
BY01DX162,备用
BY01DX163,备用
BY01DX164,备用
BY01DX165,备用
BY01DX166,备用
BY01DX167,备用
BY01DX168,备用
BY01DX169,备用
BY01DX170,备用
BY01DX171,备用
BY01DX172,备用
BY01DX173,备用
BY01DX174,备用
BY01DX175,备用
BY01DX176,备用
BY01DX177,备用
BY01DX178,备用
BY01DX179,备用
BY01DX180,备用
BY01DX181,备用
BY01DX182,备用
BY01DX183,备用
BY01DX184,备用
BY01DX185,备用
BY01DX186,备用
BY01DX187,备用
BY01DX188,备用
BY01DX189,备用
BY01DX190,备用
BY01DX191,备用
BY01DX192,备用
BY01DX193,备用
BY01DX194,备用
BY01DX195,备用
BY01DX196,备用
BY01DX197,备用
BY01DX198,备用
BY01DX199,备用
BY01DX200,备用
BY01DX201,备用
BY01DX202,备用
BY01DX203,备用
BY01DX204,备用
BY01DX205,备用
BY01DX206,备用
BY01DX207,备用
BY01DX208,备用
BY01DX209,备用
BY01DX210,备用
BY01DX211,备用
BY01DX212,备用
BY01DX213,备用
BY01DX214,备用
BY01DX215,备用
BY01DX216,备用
BY01DX217,备用
BY01DX218,备用
BY01DX219,备用
BY01DX220,备用
BY01DX221,备用
BY01DX222,备用
BY01DX223,备用
BY01DX224,备用
BY01DX225,备用
BY01DX226,备用
BY01DX227,备用
BY01DX228,备用
BY01DX229,备用
BY01DX230,备用
BY01DX231,备用
BY01DX232,备用
BY01DX233,备用
BY01DX234,备用
BY01DX235,备用
BY01DX236,备用
BY01DX237,备用
BY01DX238,备用
BY01DX239,备用
BY01DX240,备用
BY01DX241,备用
BY01DX242,备用
BY01DX243,备用
BY01DX244,备用
BY01DX245,备用
BY01DX246,备用
BY01DX247,备用
BY01DX248,备用
BY01DX249,备用
BY01DX250,备用
BY01DX251,备用
BY01DX252,备用
BY01DX253,备用
BY01DX254,备用
BY01DX255,备用
BY01DX256,备用
BY01DX257,备用
BY01DX258,备用
BY01DX259,备用
BY01DX260,备用
BY01DX261,备用
BY01DX262,备用
BY01DX263,备用
BY01DX264,备用
BY01DX265,备用
BY01DX266,备用
BY01DX267,备用
BY01DX268,备用
BY01DX269,备用
BY01DX270,备用
BY01DX271,备用
BY01DX272,备用
BY01DX273,备用
BY01DX274,备用
BY01DX275,备用
BY01DX276,备用
BY01DX277,备用
BY01DX278,备用
BY01DX279,备用
BY01DX280,备用
BY01DX281,备用
BY01DX282,备用
BY01DX283,备用
BY01DX284,备用
BY01DX285,备用
BY01DX286,备用
BY01DX287,备用
BY01DX288,备用
BY01DX289,备用
BY01DX290,备用
BY01DX291,备用
BY01DX292,备用
BY01DX293,备用
BY01DX294,备用
BY01DX295,备用
BY01DX296,备用
BY01DX297,备用
BY01DX298,备用
BY01DX299,备用
BY01DX300,备用
BY02DX001,启动控制反馈:PL1-8
BY02DX002,负载运行状态:PL1-8
BY02DX003,可控硅故障:PL1-8
BY02DX004,上电备妥:PL1-8
BY02DX005,超温报警反馈:PL1-8
BY02DX006,启动控制反馈:PL1-9
BY02DX007,负载运行状态:PL1-9
BY02DX008,可控硅故障:PL1-9
BY02DX009,上电备妥:PL1-9
BY02DX010,超温报警反馈:PL1-9
BY02DX011,启动控制反馈:PL1-10
BY02DX012,负载运行状态:PL1-10
BY02DX013,可控硅故障:PL1-10
BY02DX014,上电备妥:PL1-10
BY02DX015,超温报警反馈:PL1-10
BY02DX016,启动控制反馈:PL1-11
BY02DX017,负载运行状态:PL1-11
BY02DX018,可控硅故障:PL1-11
BY02DX019,上电备妥:PL1-11
BY02DX020,超温报警反馈:PL1-11
BY02DX021,启动控制反馈:PL1-12
BY02DX022,负载运行状态:PL1-12
BY02DX023,可控硅故障:PL1-12
BY02DX024,上电备妥:PL1-12
BY02DX025,超温报警反馈:PL1-12
BY02DX026,启动控制反馈:PL1-13
BY02DX027,负载运行状态:PL1-13
BY02DX028,可控硅故障:PL1-13
BY02DX029,上电备妥:PL1-13
BY02DX030,超温报警反馈:PL1-13
BY02DX031,启动控制反馈:PL1-14
BY02DX032,负载运行状态:PL1-14
BY02DX033,可控硅故障:PL1-14
BY02DX034,上电备妥:PL1-14
BY02DX035,超温报警反馈:PL1-14
BY02DX036,启动控制反馈:PL1-15
BY02DX037,负载运行状态:PL1-15
BY02DX038,可控硅故障:PL1-15
BY02DX039,上电备妥:PL1-15
BY02DX040,超温报警反馈:PL1-15
BY02DX041,启动控制反馈:PL1-16
BY02DX042,负载运行状态:PL1-16
BY02DX043,可控硅故障:PL1-16
BY02DX044,上电备妥:PL1-16
BY02DX045,超温报警反馈:PL1-16
BY02DX046,启动控制反馈:PL1-17
BY02DX047,负载运行状态:PL1-17
BY02DX048,可控硅故障:PL1-17
BY02DX049,上电备妥:PL1-17
BY02DX050,超温报警反馈:PL1-17
BY02DX051,启动控制反馈:PL1-18
BY02DX052,负载运行状态:PL1-18
BY02DX053,可控硅故障:PL1-18
BY02DX054,上电备妥:PL1-18
BY02DX055,超温报警反馈:PL1-18
BY02DX056,启动控制反馈:PL1-19
BY02DX057,负载运行状态:PL1-19
BY02DX058,可控硅故障:PL1-19
BY02DX059,上电备妥:PL1-19
BY02DX060,超温报警反馈:PL1-19
BY02DX061,启动控制反馈:PL1-20
BY02DX062,负载运行状态:PL1-20
BY02DX063,可控硅故障:PL1-20
BY02DX064,上电备妥:PL1-20
BY02DX065,超温报警反馈:PL1-20
BY02DX066,启动控制反馈:PL1-21
BY02DX067,负载运行状态:PL1-21
BY02DX068,可控硅故障:PL1-21
BY02DX069,上电备妥:PL1-21
BY02DX070,超温报警反馈:PL1-21
BY02DX071,启动控制反馈:PL1-22
BY02DX072,负载运行状态:PL1-22
BY02DX073,可控硅故障:PL1-22
BY02DX074,上电备妥:PL1-22
BY02DX075,超温报警反馈:PL1-22
BY02DX076,启动控制反馈:PL1-23
BY02DX077,负载运行状态:PL1-23
BY02DX078,可控硅故障:PL1-23
BY02DX079,上电备妥:PL1-23
BY02DX080,超温报警反馈:PL1-23
BY02DX081,启动控制反馈:PL1-24
BY02DX082,负载运行状态:PL1-24
BY02DX083,可控硅故障:PL1-24
BY02DX084,上电备妥:PL1-24
BY02DX085,超温报警反馈:PL1-24
BY02DX086,启动控制反馈:PL1-25
BY02DX087,负载运行状态:PL1-25
BY02DX088,可控硅故障:PL1-25
BY02DX089,上电备妥:PL1-25
BY02DX090,超温报警反馈:PL1-25
BY02DX091,启动控制反馈:一回路储罐电伴热01
BY02DX092,负载运行状态:一回路储罐电伴热01
BY02DX093,可控硅故障:一回路储罐电伴热01
BY02DX094,上电备妥:一回路储罐电伴热01
BY02DX095,超温报警反馈:一回路储罐电伴热01
BY02DX096,启动控制反馈:一回路储罐电伴热02
BY02DX097,负载运行状态:一回路储罐电伴热02
BY02DX098,可控硅故障:一回路储罐电伴热02
BY02DX099,上电备妥:一回路储罐电伴热02
BY02DX100,超温报警反馈:一回路储罐电伴热02
BY02DX101,启动控制反馈:一回路储罐电伴热03
BY02DX102,负载运行状态:一回路储罐电伴热03
BY02DX103,可控硅故障:一回路储罐电伴热03
BY02DX104,上电备妥:一回路储罐电伴热03
BY02DX105,超温报警反馈:一回路储罐电伴热03
BY02DX106,启动控制反馈:一回路泵罐电伴热01
BY02DX107,负载运行状态:一回路泵罐电伴热01
BY02DX108,可控硅故障:一回路泵罐电伴热01
BY02DX109,上电备妥:一回路泵罐电伴热01
BY02DX110,超温报警反馈:一回路泵罐电伴热01
BY02DX111,启动控制反馈:一回路泵罐电伴热02
BY02DX112,负载运行状态:一回路泵罐电伴热02
BY02DX113,可控硅故障:一回路泵罐电伴热02
BY02DX114,上电备妥:一回路泵罐电伴热02
BY02DX115,超温报警反馈:一回路泵罐电伴热02
BY02DX116,启动控制反馈:一回路泵罐电伴热03
BY02DX117,负载运行状态:一回路泵罐电伴热03
BY02DX118,可控硅故障:一回路泵罐电伴热03
BY02DX119,上电备妥:一回路泵罐电伴热03
BY02DX120,超温报警反馈:一回路泵罐电伴热03
BY02DX121,二号柜XCU状态
BY02DX122,二号柜XCU-A状态
BY02DX123,二号柜XCU-B状态
BY02DX124,二号柜NET状态
BY02DX125,备用
BY02DX126,备用
BY02DX127,备用
BY02DX128,备用
BY02DX129,备用
BY02DX130,备用
BY02DX131,备用
BY02DX132,备用
BY02DX133,备用
BY02DX134,备用
BY02DX135,备用
BY02DX136,备用
BY02DX137,备用
BY02DX138,备用
BY02DX139,备用
BY02DX140,备用
BY02DX141,备用
BY02DX142,备用
BY02DX143,备用
BY02DX144,备用
BY02DX145,备用
BY02DX146,备用
BY02DX147,备用
BY02DX148,备用
BY02DX149,备用
BY02DX150,备用
BY02DX151,备用
BY02DX152,备用
BY02DX153,备用
BY02DX154,备用
BY02DX155,备用
BY02DX156,备用
BY02DX157,备用
BY02DX158,备用
BY02DX159,备用
BY02DX160,备用
BY02DX161,备用
BY02DX162,备用
BY02DX163,备用
BY02DX164,备用
BY02DX165,备用
BY02DX166,备用
BY02DX167,备用
BY02DX168,备用
BY02DX169,备用
BY02DX170,备用
BY02DX171,备用
BY02DX172,备用
BY02DX173,备用
BY02DX174,备用
BY02DX175,备用
BY02DX176,备用
BY02DX177,备用
BY02DX178,备用
BY02DX179,备用
BY02DX180,备用
BY02DX181,备用
BY02DX182,备用
BY02DX183,备用
BY02DX184,备用
BY02DX185,备用
BY02DX186,备用
BY02DX187,备用
BY02DX188,备用
BY02DX189,备用
BY02DX190,备用
BY02DX191,备用
BY02DX192,备用
BY02DX193,备用
BY02DX194,备用
BY02DX195,备用
BY02DX196,备用
BY02DX197,备用
BY02DX198,备用
BY02DX199,备用
BY02DX200,备用
BY02DX201,备用
BY02DX202,备用
BY02DX203,备用
BY02DX204,备用
BY02DX205,备用
BY02DX206,备用
BY02DX207,备用
BY02DX208,备用
BY02DX209,备用
BY02DX210,备用
BY02DX211,备用
BY02DX212,备用
BY02DX213,备用
BY02DX214,备用
BY02DX215,备用
BY02DX216,备用
BY02DX217,备用
BY02DX218,备用
BY02DX219,备用
BY02DX220,备用
BY02DX221,备用
BY02DX222,备用
BY02DX223,备用
BY02DX224,备用
BY02DX225,备用
BY02DX226,备用
BY02DX227,备用
BY02DX228,备用
BY02DX229,备用
BY02DX230,备用
BY02DX231,备用
BY02DX232,备用
BY02DX233,备用
BY02DX234,备用
BY02DX235,备用
BY02DX236,备用
BY02DX237,备用
BY02DX238,备用
BY02DX239,备用
BY02DX240,备用
BY02DX241,备用
BY02DX242,备用
BY02DX243,备用
BY02DX244,备用
BY02DX245,备用
BY02DX246,备用
BY02DX247,备用
BY02DX248,备用
BY02DX249,备用
BY02DX250,备用
BY02DX251,备用
BY02DX252,备用
BY02DX253,备用
BY02DX254,备用
BY02DX255,备用
BY02DX256,备用
BY02DX257,备用
BY02DX258,备用
BY02DX259,备用
BY02DX260,备用
BY02DX261,备用
BY02DX262,备用
BY02DX263,备用
BY02DX264,备用
BY02DX265,备用
BY02DX266,备用
BY02DX267,备用
BY02DX268,备用
BY02DX269,备用
BY02DX270,备用
BY02DX271,备用
BY02DX272,备用
BY02DX273,备用
BY02DX274,备用
BY02DX275,备用
BY02DX276,备用
BY02DX277,备用
BY02DX278,备用
BY02DX279,备用
BY02DX280,备用
BY02DX281,备用
BY02DX282,备用
BY02DX283,备用
BY02DX284,备用
BY02DX285,备用
BY02DX286,备用
BY02DX287,备用
BY02DX288,备用
BY02DX289,备用
BY02DX290,备用
BY02DX291,备用
BY02DX292,备用
BY02DX293,备用
BY02DX294,备用
BY02DX295,备用
BY02DX296,备用
BY02DX297,备用
BY02DX298,备用
BY02DX299,备用
BY02DX300,备用
BY03DX001,启动控制反馈:PM2-1
BY03DX002,负载运行状态:PM2-1
BY03DX003,可控硅故障:PM2-1
BY03DX004,上电备妥:PM2-1
BY03DX005,超温报警反馈:PM2-1
BY03DX006,启动控制反馈:PM2-2
BY03DX007,负载运行状态:PM2-2
BY03DX008,可控硅故障:PM2-2
BY03DX009,上电备妥:PM2-2
BY03DX010,超温报警反馈:PM2-2
BY03DX011,启动控制反馈:PM2-3
BY03DX012,负载运行状态:PM2-3
BY03DX013,可控硅故障:PM2-3
BY03DX014,上电备妥:PM2-3
BY03DX015,超温报警反馈:PM2-3
BY03DX016,启动控制反馈:PM2-4
BY03DX017,负载运行状态:PM2-4
BY03DX018,可控硅故障:PM2-4
BY03DX019,上电备妥:PM2-4
BY03DX020,超温报警反馈:PM2-4
BY03DX021,启动控制反馈:PM2-5
BY03DX022,负载运行状态:PM2-5
BY03DX023,可控硅故障:PM2-5
BY03DX024,上电备妥:PM2-5
BY03DX025,超温报警反馈:PM2-5
BY03DX026,启动控制反馈:PM2-6
BY03DX027,负载运行状态:PM2-6
BY03DX028,可控硅故障:PM2-6
BY03DX029,上电备妥:PM2-6
BY03DX030,超温报警反馈:PM2-6
BY03DX031,启动控制反馈:PM2-7
BY03DX032,负载运行状态:PM2-7
BY03DX033,可控硅故障:PM2-7
BY03DX034,上电备妥:PM2-7
BY03DX035,超温报警反馈:PM2-7
BY03DX036,启动控制反馈:PM2-8
BY03DX037,负载运行状态:PM2-8
BY03DX038,可控硅故障:PM2-8
BY03DX039,上电备妥:PM2-8
BY03DX040,超温报警反馈:PM2-8
BY03DX041,启动控制反馈:PM2-9
BY03DX042,负载运行状态:PM2-9
BY03DX043,可控硅故障:PM2-9
BY03DX044,上电备妥:PM2-9
BY03DX045,超温报警反馈:PM2-9
BY03DX046,启动控制反馈:PM2-10
BY03DX047,负载运行状态:PM2-10
BY03DX048,可控硅故障:PM2-10
BY03DX049,上电备妥:PM2-10
BY03DX050,超温报警反馈:PM2-10
BY03DX051,启动控制反馈:PM2-11
BY03DX052,负载运行状态:PM2-11
BY03DX053,可控硅故障:PM2-11
BY03DX054,上电备妥:PM2-11
BY03DX055,超温报警反馈:PM2-11
BY03DX056,启动控制反馈:PM2-12
BY03DX057,负载运行状态:PM2-12
BY03DX058,可控硅故障:PM2-12
BY03DX059,上电备妥:PM2-12
BY03DX060,超温报警反馈:PM2-12
BY03DX061,启动控制反馈:PM2-13
BY03DX062,负载运行状态:PM2-13
BY03DX063,可控硅故障:PM2-13
BY03DX064,上电备妥:PM2-13
BY03DX065,超温报警反馈:PM2-13
BY03DX066,启动控制反馈:PM2-14
BY03DX067,负载运行状态:PM2-14
BY03DX068,可控硅故障:PM2-14
BY03DX069,上电备妥:PM2-14
BY03DX070,超温报警反馈:PM2-14
BY03DX071,启动控制反馈:PM2-15
BY03DX072,负载运行状态:PM2-15
BY03DX073,可控硅故障:PM2-15
BY03DX074,上电备妥:PM2-15
BY03DX075,超温报警反馈:PM2-15
BY03DX076,启动控制反馈:PM2-16
BY03DX077,负载运行状态:PM2-16
BY03DX078,可控硅故障:PM2-16
BY03DX079,上电备妥:PM2-16
BY03DX080,超温报警反馈:PM2-16
BY03DX081,余排风机运行状态
BY03DX082,余排风机故障状态
BY03DX083,余排风机远程状态
BY03DX084,三号柜XCU状态
BY03DX085,三号柜XCU-A状态
BY03DX086,三号柜XCU-B状态
BY03DX087,三号柜NET状态
BY03DX088,备用
BY03DX089,备用
BY03DX090,备用
BY03DX091,备用
BY03DX092,备用
BY03DX093,备用
BY03DX094,备用
BY03DX095,备用
BY03DX096,备用
BY03DX097,备用
BY03DX098,备用
BY03DX099,备用
BY03DX100,备用
BY03DX101,备用
BY03DX102,备用
BY03DX103,备用
BY03DX104,备用
BY03DX105,备用
BY03DX106,备用
BY03DX107,备用
BY03DX108,备用
BY03DX109,备用
BY03DX110,备用
BY03DX111,备用
BY03DX112,备用
BY03DX113,备用
BY03DX114,备用
BY03DX115,备用
BY03DX116,备用
BY03DX117,备用
BY03DX118,备用
BY03DX119,备用
BY03DX120,备用
BY03DX121,备用
BY03DX122,备用
BY03DX123,备用
BY03DX124,备用
BY03DX125,备用
BY03DX126,备用
BY03DX127,备用
BY03DX128,备用
BY03DX129,备用
BY03DX130,备用
BY03DX131,备用
BY03DX132,备用
BY03DX133,备用
BY03DX134,备用
BY03DX135,备用
BY03DX136,备用
BY03DX137,备用
BY03DX138,备用
BY03DX139,备用
BY03DX140,备用
BY03DX141,备用
BY03DX142,备用
BY03DX143,备用
BY03DX144,备用
BY03DX145,备用
BY03DX146,备用
BY03DX147,备用
BY03DX148,备用
BY03DX149,备用
BY03DX150,备用
BY03DX151,备用
BY03DX152,备用
BY03DX153,备用
BY03DX154,备用
BY03DX155,备用
BY03DX156,备用
BY03DX157,备用
BY03DX158,备用
BY03DX159,备用
BY03DX160,备用
BY03DX161,备用
BY03DX162,备用
BY03DX163,备用
BY03DX164,备用
BY03DX165,备用
BY03DX166,备用
BY03DX167,备用
BY03DX168,备用
BY03DX169,备用
BY03DX170,备用
BY03DX171,备用
BY03DX172,备用
BY03DX173,备用
BY03DX174,备用
BY03DX175,备用
BY03DX176,备用
BY03DX177,备用
BY03DX178,备用
BY03DX179,备用
BY03DX180,备用
BY03DX181,备用
BY03DX182,备用
BY03DX183,备用
BY03DX184,备用
BY03DX185,备用
BY03DX186,备用
BY03DX187,备用
BY03DX188,备用
BY03DX189,备用
BY03DX190,备用
BY03DX191,备用
BY03DX192,备用
BY03DX193,备用
BY03DX194,备用
BY03DX195,备用
BY03DX196,备用
BY03DX197,备用
BY03DX198,备用
BY03DX199,备用
BY03DX200,备用
BY03DX201,备用
BY03DX202,备用
BY03DX203,备用
BY03DX204,备用
BY03DX205,备用
BY03DX206,备用
BY03DX207,备用
BY03DX208,备用
BY03DX209,备用
BY03DX210,备用
BY03DX211,备用
BY03DX212,备用
BY03DX213,备用
BY03DX214,备用
BY03DX215,备用
BY03DX216,备用
BY03DX217,备用
BY03DX218,备用
BY03DX219,备用
BY03DX220,备用
BY03DX221,备用
BY03DX222,备用
BY03DX223,备用
BY03DX224,备用
BY03DX225,备用
BY03DX226,备用
BY03DX227,备用
BY03DX228,备用
BY03DX229,备用
BY03DX230,备用
BY03DX231,备用
BY03DX232,备用
BY03DX233,备用
BY03DX234,备用
BY03DX235,备用
BY03DX236,备用
BY03DX237,备用
BY03DX238,备用
BY03DX239,备用
BY03DX240,备用
BY03DX241,备用
BY03DX242,备用
BY03DX243,备用
BY03DX244,备用
BY03DX245,备用
BY03DX246,备用
BY03DX247,备用
BY03DX248,备用
BY03DX249,备用
BY03DX250,备用
BY03DX251,备用
BY03DX252,备用
BY03DX253,备用
BY03DX254,备用
BY03DX255,备用
BY03DX256,备用
BY03DX257,备用
BY03DX258,备用
BY03DX259,备用
BY03DX260,备用
BY03DX261,备用
BY03DX262,备用
BY03DX263,备用
BY03DX264,备用
BY03DX265,备用
BY03DX266,备用
BY03DX267,备用
BY03DX268,备用
BY03DX269,备用
BY03DX270,备用
BY03DX271,备用
BY03DX272,备用
BY03DX273,备用
BY03DX274,备用
BY03DX275,备用
BY03DX276,备用
BY03DX277,备用
BY03DX278,备用
BY03DX279,备用
BY03DX280,备用
BY03DX281,备用
BY03DX282,备用
BY03DX283,备用
BY03DX284,备用
BY03DX285,备用
BY03DX286,备用
BY03DX287,备用
BY03DX288,备用
BY03DX289,备用
BY03DX290,备用
BY03DX291,备用
BY03DX292,备用
BY03DX293,备用
BY03DX294,备用
BY03DX295,备用
BY03DX296,备用
BY03DX297,备用
BY03DX298,备用
BY03DX299,备用
BY03DX300,备用
BY04DX001,启动控制反馈:PM2-17
BY04DX002,负载运行状态:PM2-17
BY04DX003,可控硅故障:PM2-17
BY04DX004,上电备妥:PM2-17
BY04DX005,超温报警反馈:PM2-17
BY04DX006,启动控制反馈:PM2-18
BY04DX007,负载运行状态:PM2-18
BY04DX008,可控硅故障:PM2-18
BY04DX009,上电备妥:PM2-18
BY04DX010,超温报警反馈:PM2-18
BY04DX011,启动控制反馈:PM1-14
BY04DX012,负载运行状态:PM1-14
BY04DX013,可控硅故障:PM1-14
BY04DX014,上电备妥:PM1-14
BY04DX015,超温报警反馈:PM1-14
BY04DX016,启动控制反馈:PL2-1
BY04DX017,负载运行状态:PL2-1
BY04DX018,可控硅故障:PL2-1
BY04DX019,上电备妥:PL2-1
BY04DX020,超温报警反馈:PL2-1
BY04DX021,启动控制反馈:PL2-2
BY04DX022,负载运行状态:PL2-2
BY04DX023,可控硅故障:PL2-2
BY04DX024,上电备妥:PL2-2
BY04DX025,超温报警反馈:PL2-2
BY04DX026,启动控制反馈:PL2-3
BY04DX027,负载运行状态:PL2-3
BY04DX028,可控硅故障:PL2-3
BY04DX029,上电备妥:PL2-3
BY04DX030,超温报警反馈:PL2-3
BY04DX031,启动控制反馈:PL2-4
BY04DX032,负载运行状态:PL2-4
BY04DX033,可控硅故障:PL2-4
BY04DX034,上电备妥:PL2-4
BY04DX035,超温报警反馈:PL2-4
BY04DX036,启动控制反馈:PL2-5
BY04DX037,负载运行状态:PL2-5
BY04DX038,可控硅故障:PL2-5
BY04DX039,上电备妥:PL2-5
BY04DX040,超温报警反馈:PL2-5
BY04DX041,启动控制反馈:PL2-6
BY04DX042,负载运行状态:PL2-6
BY04DX043,可控硅故障:PL2-6
BY04DX044,上电备妥:PL2-6
BY04DX045,超温报警反馈:PL2-6
BY04DX046,启动控制反馈:PL2-7
BY04DX047,负载运行状态:PL2-7
BY04DX048,可控硅故障:PL2-7
BY04DX049,上电备妥:PL2-7
BY04DX050,超温报警反馈:PL2-7
BY04DX051,启动控制反馈:一回路泵气管PG-1
BY04DX052,负载运行状态:一回路泵气管PG-1
BY04DX053,可控硅故障:一回路泵气管PG-1
BY04DX054,上电备妥:一回路泵气管PG-1
BY04DX055,超温报警反馈:一回路泵气管PG-1
BY04DX056,启动控制反馈:二回路泵气管PG-2
BY04DX057,负载运行状态:二回路泵气管PG-2
BY04DX058,可控硅故障:二回路泵气管PG-2
BY04DX059,上电备妥:二回路泵气管PG-2
BY04DX060,超温报警反馈:二回路泵气管PG-2
BY04DX061,启动控制反馈:一回路流量计电伴热LW-1
BY04DX062,负载运行状态:一回路流量计电伴热LW-1
BY04DX063,可控硅故障:一回路流量计电伴热LW-1
BY04DX064,上电备妥:一回路流量计电伴热LW-1
BY04DX065,超温报警反馈:一回路流量计电伴热LW-1
BY04DX066,启动控制反馈:二回路流量计电伴热LW-2
BY04DX067,负载运行状态:二回路流量计电伴热LW-2
BY04DX068,可控硅故障:二回路流量计电伴热LW-2
BY04DX069,上电备妥:二回路流量计电伴热LW-2
BY04DX070,超温报警反馈:二回路流量计电伴热LW-2
BY04DX071,启动控制反馈:二回路储罐电伴热01
BY04DX072,负载运行状态:二回路储罐电伴热01
BY04DX073,可控硅故障:二回路储罐电伴热01
BY04DX074,上电备妥:二回路储罐电伴热01
BY04DX075,超温报警反馈:二回路储罐电伴热01
BY04DX076,启动控制反馈:二回路储罐电伴热02
BY04DX077,负载运行状态:二回路储罐电伴热02
BY04DX078,可控硅故障:二回路储罐电伴热02
BY04DX079,上电备妥:二回路储罐电伴热02
BY04DX080,超温报警反馈:二回路储罐电伴热02
BY04DX081,启动控制反馈:二回路储罐电伴热03
BY04DX082,负载运行状态:二回路储罐电伴热03
BY04DX083,可控硅故障:二回路储罐电伴热03
BY04DX084,上电备妥:二回路储罐电伴热03
BY04DX085,超温报警反馈:二回路储罐电伴热03
BY04DX086,启动控制反馈:二回路泵罐电伴热01
BY04DX087,负载运行状态:二回路泵罐电伴热01
BY04DX088,可控硅故障:二回路泵罐电伴热01
BY04DX089,上电备妥:二回路泵罐电伴热01
BY04DX090,超温报警反馈:二回路泵罐电伴热01
BY04DX091,启动控制反馈:二回路泵罐电伴热02
BY04DX092,负载运行状态:二回路泵罐电伴热02
BY04DX093,可控硅故障:二回路泵罐电伴热02
BY04DX094,上电备妥:二回路泵罐电伴热02
BY04DX095,超温报警反馈:二回路泵罐电伴热02
BY04DX096,启动控制反馈:二回路泵罐电伴热03
BY04DX097,负载运行状态:二回路泵罐电伴热03
BY04DX098,可控硅故障:二回路泵罐电伴热03
BY04DX099,上电备妥:二回路泵罐电伴热03
BY04DX100,超温报警反馈:二回路泵罐电伴热03
BY04DX101,四号柜XCU状态
BY04DX102,四号柜XCU-A状态
BY04DX103,四号柜XCU-B状态
BY04DX104,四号柜NET状态
BY04DX105,备用
BY04DX106,备用
BY04DX107,备用
BY04DX108,备用
BY04DX109,备用
BY04DX110,备用
BY04DX111,备用
BY04DX112,备用
BY04DX113,备用
BY04DX114,备用
BY04DX115,备用
BY04DX116,备用
BY04DX117,备用
BY04DX118,备用
BY04DX119,备用
BY04DX120,备用
BY04DX121,备用
BY04DX122,备用
BY04DX123,备用
BY04DX124,备用
BY04DX125,备用
BY04DX126,备用
BY04DX127,备用
BY04DX128,备用
BY04DX129,备用
BY04DX130,备用
BY04DX131,备用
BY04DX132,备用
BY04DX133,备用
BY04DX134,备用
BY04DX135,备用
BY04DX136,备用
BY04DX137,备用
BY04DX138,备用
BY04DX139,备用
BY04DX140,备用
BY04DX141,备用
BY04DX142,备用
BY04DX143,备用
BY04DX144,备用
BY04DX145,备用
BY04DX146,备用
BY04DX147,备用
BY04DX148,备用
BY04DX149,备用
BY04DX150,备用
BY04DX151,备用
BY04DX152,备用
BY04DX153,备用
BY04DX154,备用
BY04DX155,备用
BY04DX156,备用
BY04DX157,备用
BY04DX158,备用
BY04DX159,备用
BY04DX160,备用
BY04DX161,备用
BY04DX162,备用
BY04DX163,备用
BY04DX164,备用
BY04DX165,备用
BY04DX166,备用
BY04DX167,备用
BY04DX168,备用
BY04DX169,备用
BY04DX170,备用
BY04DX171,备用
BY04DX172,备用
BY04DX173,备用
BY04DX174,备用
BY04DX175,备用
BY04DX176,备用
BY04DX177,备用
BY04DX178,备用
BY04DX179,备用
BY04DX180,备用
BY04DX181,备用
BY04DX182,备用
BY04DX183,备用
BY04DX184,备用
BY04DX185,备用
BY04DX186,备用
BY04DX187,备用
BY04DX188,备用
BY04DX189,备用
BY04DX190,备用
BY04DX191,备用
BY04DX192,备用
BY04DX193,备用
BY04DX194,备用
BY04DX195,备用
BY04DX196,备用
BY04DX197,备用
BY04DX198,备用
BY04DX199,备用
BY04DX200,备用
BY04DX201,备用
BY04DX202,备用
BY04DX203,备用
BY04DX204,备用
BY04DX205,备用
BY04DX206,备用
BY04DX207,备用
BY04DX208,备用
BY04DX209,备用
BY04DX210,备用
BY04DX211,备用
BY04DX212,备用
BY04DX213,备用
BY04DX214,备用
BY04DX215,备用
BY04DX216,备用
BY04DX217,备用
BY04DX218,备用
BY04DX219,备用
BY04DX220,备用
BY04DX221,备用
BY04DX222,备用
BY04DX223,备用
BY04DX224,备用
BY04DX225,备用
BY04DX226,备用
BY04DX227,备用
BY04DX228,备用
BY04DX229,备用
BY04DX230,备用
BY04DX231,备用
BY04DX232,备用
BY04DX233,备用
BY04DX234,备用
BY04DX235,备用
BY04DX236,备用
BY04DX237,备用
BY04DX238,备用
BY04DX239,备用
BY04DX240,备用
BY04DX241,备用
BY04DX242,备用
BY04DX243,备用
BY04DX244,备用
BY04DX245,备用
BY04DX246,备用
BY04DX247,备用
BY04DX248,备用
BY04DX249,备用
BY04DX250,备用
BY04DX251,备用
BY04DX252,备用
BY04DX253,备用
BY04DX254,备用
BY04DX255,备用
BY04DX256,备用
BY04DX257,备用
BY04DX258,备用
BY04DX259,备用
BY04DX260,备用
BY04DX261,备用
BY04DX262,备用
BY04DX263,备用
BY04DX264,备用
BY04DX265,备用
BY04DX266,备用
BY04DX267,备用
BY04DX268,备用
BY04DX269,备用
BY04DX270,备用
BY04DX271,备用
BY04DX272,备用
BY04DX273,备用
BY04DX274,备用
BY04DX275,备用
BY04DX276,备用
BY04DX277,备用
BY04DX278,备用
BY04DX279,备用
BY04DX280,备用
BY04DX281,备用
BY04DX282,备用
BY04DX283,备用
BY04DX284,备用
BY04DX285,备用
BY04DX286,备用
BY04DX287,备用
BY04DX288,备用
BY04DX289,备用
BY04DX290,备用
BY04DX291,备用
BY04DX292,备用
BY04DX293,备用
BY04DX294,备用
BY04DX295,备用
BY04DX296,备用
BY04DX297,备用
BY04DX298,备用
BY04DX299,备用
BY04DX300,备用
BY05DX001,一回路加载管道PL1-26电伴热:负载运行状态:
BY05DX002,一回路加载管道PL1-26电伴热:可控硅故障报警
BY05DX003,一回路加载管道PL1-26电伴热:上电备妥信号
BY05DX004,一回路加载管道PL1-27电伴热:负载运行状态:
BY05DX005,一回路加载管道PL1-27电伴:热可控硅故障报警
BY05DX006,一回路加载管道PL1-27电伴热:上电备妥信号
BY05DX007,一回路加载管道PL1-28电伴热:负载运行状态
BY05DX008,一回路加载管道PL1-28电伴热:可控硅故障报警
BY05DX009,一回路加载管道PL1-28电伴热:上电备妥信号
BY05DX010,堆芯热电偶式液位计液位1
BY05DX011,堆芯热电偶式液位计液位2
BY05DX012,堆芯热电偶式液位计液位3
BY05DX013,堆芯热电偶式液位计液位4
BY05DX014,堆芯热电偶式液位计液位5
BY05DX015,堆芯热电偶式液位计液位6
BY05DX016,堆芯热电偶式液位计液位7
BY05DX017,五号柜XCU状态
BY05DX018,五号柜XCU-A状态
BY05DX019,五号柜XCU-B状态
BY05DX020,五号柜NET状态
BY05DX021,1#真空机组冷却水失流故障报警1
BY05DX022,1#真空机组冷却水失压故障报警1
BY05DX023,2#真空机组冷却水失流故障报警2
BY05DX024,2#真空机组冷却水失压故障报警2
BY05DX025,备用
BY05DX026,备用
BY05DX027,备用
BY05DX028,备用
BY05DX029,备用
BY05DX030,备用
BY05DX031,备用
BY05DX032,备用
BY05DX033,备用
BY05DX034,备用
BY05DX035,备用
BY05DX036,备用
BY05DX037,备用
BY05DX038,备用
BY05DX039,备用
BY05DX040,备用
BY05DX041,备用
BY05DX042,备用
BY05DX043,备用
BY05DX044,备用
BY05DX045,备用
BY05DX046,备用
BY05DX047,备用
BY05DX048,备用
BY05DX049,备用
BY05DX050,备用
BY05DX051,备用
BY05DX052,备用
BY05DX053,备用
BY05DX054,备用
BY05DX055,备用
BY05DX056,备用
BY05DX057,备用
BY05DX058,备用
BY05DX059,备用
BY05DX060,备用
BY05DX061,备用
BY05DX062,备用
BY05DX063,备用
BY05DX064,备用
BY05DX065,备用
BY05DX066,备用
BY05DX067,备用
BY05DX068,备用
BY05DX069,备用
BY05DX070,备用
BY05DX071,备用
BY05DX072,备用
BY05DX073,备用
BY05DX074,备用
BY05DX075,备用
BY05DX076,备用
BY05DX077,备用
BY05DX078,备用
BY05DX079,备用
BY05DX080,备用
BY05DX081,备用
BY05DX082,备用
BY05DX083,备用
BY05DX084,备用
BY05DX085,备用
BY05DX086,备用
BY05DX087,备用
BY05DX088,备用
BY05DX089,备用
BY05DX090,备用
BY05DX091,备用
BY05DX092,备用
BY05DX093,备用
BY05DX094,备用
BY05DX095,备用
BY05DX096,备用
BY05DX097,备用
BY05DX098,备用
BY05DX099,备用
BY05DX100,备用
BY05DX101,备用
BY05DX102,备用
BY05DX103,备用
BY05DX104,备用
BY05DX105,备用
BY05DX106,备用
BY05DX107,备用
BY05DX108,备用
BY05DX109,备用
BY05DX110,备用
BY05DX111,备用
BY05DX112,备用
BY05DX113,备用
BY05DX114,备用
BY05DX115,备用
BY05DX116,备用
BY05DX117,备用
BY05DX118,备用
BY05DX119,备用
BY05DX120,备用
BY05DX121,备用
BY05DX122,备用
BY05DX123,备用
BY05DX124,备用
BY05DX125,备用
BY05DX126,备用
BY05DX127,备用
BY05DX128,备用
BY05DX129,备用
BY05DX130,备用
BY05DX131,备用
BY05DX132,备用
BY05DX133,备用
BY05DX134,备用
BY05DX135,备用
BY05DX136,备用
BY05DX137,备用
BY05DX138,备用
BY05DX139,备用
BY05DX140,备用
BY05DX141,备用
BY05DX142,备用
BY05DX143,备用
BY05DX144,备用
BY05DX145,备用
BY05DX146,备用
BY05DX147,备用
BY05DX148,备用
BY05DX149,备用
BY05DX150,备用
BY05DX151,备用
BY05DX152,备用
BY05DX153,备用
BY05DX154,备用
BY05DX155,备用
BY05DX156,备用
BY05DX157,备用
BY05DX158,备用
BY05DX159,备用
BY05DX160,备用
BY05DX161,备用
BY05DX162,备用
BY05DX163,备用
BY05DX164,备用
BY05DX165,备用
BY05DX166,备用
BY05DX167,备用
BY05DX168,备用
BY05DX169,备用
BY05DX170,备用
BY05DX171,备用
BY05DX172,备用
BY05DX173,备用
BY05DX174,备用
BY05DX175,备用
BY05DX176,备用
BY05DX177,备用
BY05DX178,备用
BY05DX179,备用
BY05DX180,备用
BY05DX181,备用
BY05DX182,备用
BY05DX183,备用
BY05DX184,备用
BY05DX185,备用
BY05DX186,备用
BY05DX187,备用
BY05DX188,备用
BY05DX189,备用
BY05DX190,备用
BY05DX191,备用
BY05DX192,备用
BY05DX193,备用
BY05DX194,备用
BY05DX195,备用
BY05DX196,备用
BY05DX197,备用
BY05DX198,备用
BY05DX199,备用
BY05DX200,备用
BY05DX201,备用
BY05DX202,备用
BY05DX203,备用
BY05DX204,备用
BY05DX205,备用
BY05DX206,备用
BY05DX207,备用
BY05DX208,备用
BY05DX209,备用
BY05DX210,备用
BY05DX211,备用
BY05DX212,备用
BY05DX213,备用
BY05DX214,备用
BY05DX215,备用
BY05DX216,备用
BY05DX217,备用
BY05DX218,备用
BY05DX219,备用
BY05DX220,备用
BY05DX221,备用
BY05DX222,备用
BY05DX223,备用
BY05DX224,备用
BY05DX225,备用
BY05DX226,备用
BY05DX227,备用
BY05DX228,备用
BY05DX229,备用
BY05DX230,备用
BY05DX231,备用
BY05DX232,备用
BY05DX233,备用
BY05DX234,备用
BY05DX235,备用
BY05DX236,备用
BY05DX237,备用
BY05DX238,备用
BY05DX239,备用
BY05DX240,备用
BY05DX241,备用
BY05DX242,备用
BY05DX243,备用
BY05DX244,备用
BY05DX245,备用
BY05DX246,备用
BY05DX247,备用
BY05DX248,备用
BY05DX249,备用
BY05DX250,备用
BY05DX251,备用
BY05DX252,备用
BY05DX253,备用
BY05DX254,备用
BY05DX255,备用
BY05DX256,备用
BY05DX257,备用
BY05DX258,备用
BY05DX259,备用
BY05DX260,备用
BY05DX261,备用
BY05DX262,备用
BY05DX263,备用
BY05DX264,备用
BY05DX265,备用
BY05DX266,备用
BY05DX267,备用
BY05DX268,备用
BY05DX269,备用
BY05DX270,备用
BY05DX271,备用
BY05DX272,备用
BY05DX273,备用
BY05DX274,备用
BY05DX275,备用
BY05DX276,备用
BY05DX277,备用
BY05DX278,备用
BY05DX279,备用
BY05DX280,备用
BY05DX281,备用
BY05DX282,备用
BY05DX283,备用
BY05DX284,备用
BY05DX285,备用
BY05DX286,备用
BY05DX287,备用
BY05DX288,备用
BY05DX289,备用
BY05DX290,备用
BY05DX291,备用
BY05DX292,备用
BY05DX293,备用
BY05DX294,备用
BY05DX295,备用
BY05DX296,备用
BY05DX297,备用
BY05DX298,备用
BY05DX299,备用
BY05DX300,备用
BY06DX001,一回路泵上电状态
BY06DX002,一回路泵电机风扇开关状态
BY06DX003,一回路泵电机变频器开关状态
BY06DX004,一回路泵电机变频器故障信号
BY06DX005,电动调节阀上电信号1
BY06DX006,电动调节阀上电信号2
BY06DX007,一回路泵罐液位电极液位上
BY06DX008,一回路泵罐液位电极液位下
BY06DX009,二回路泵上电状态
BY06DX010,二回路泵电机风扇开关状态
BY06DX011,二回路泵电机变频器开关状态
BY06DX012,二回路泵电机变频器故障信号
BY06DX013,电动调节阀上电信号3
BY06DX014,电动调节阀上电信号4
BY06DX015,二回路泵罐液位电极液位下
BY06DX016,二回路泵罐液位电极液位上
BY06DX017,冷冻阀冷却风机01运行状态
BY06DX018,冷冻阀冷却风机01故障状态
BY06DX019,冷冻阀冷却风机02运行状态
BY06DX020,冷冻阀冷却风机02故障状态
BY06DX021,冷冻阀冷却风机03运行状态
BY06DX022,冷冻阀冷却风机03故障状态
BY06DX023,冷冻阀冷却风机04运行状态
BY06DX024,冷冻阀冷却风机04故障状态
BY06DX025,熔盐空气换热器预热炉进口高温阀打开到位
BY06DX026,熔盐空气换热器预热炉进口高温阀关闭到位
BY06DX027,熔盐空气换热器预热炉进口高温阀故障状态
BY06DX028,熔盐空气换热器预热炉出口高温阀打开到位
BY06DX029,熔盐空气换热器预热炉出口高温阀关闭到位
BY06DX030,熔盐空气换热器预热炉出口高温阀故障状态
BY06DX031,熔盐空气换热器主路闸阀打开到位
BY06DX032,熔盐空气换热器主路闸阀关闭到位
BY06DX033,熔盐空气换热器主路闸阀故障
BY06DX034,熔盐空气换热器主路闸阀开向过力矩
BY06DX035,熔盐空气换热器主路闸阀关向过力矩
BY06DX036,熔盐空气换热器次路闸阀打开到位
BY06DX037,熔盐空气换热器次路闸阀关闭到位
BY06DX038,熔盐空气换热器次路闸阀故障
BY06DX039,熔盐空气换热器次路闸阀开向过力矩
BY06DX040,熔盐空气换热器次路闸阀关向过力矩
BY06DX041,熔盐空气换热器混风阀打开到位
BY06DX042,熔盐空气换热器混风阀关闭到位
BY06DX043,熔盐空气换热器混风阀故障状态
BY06DX044,熔盐空气换热器主路碟阀打开到位
BY06DX045,熔盐空气换热器主路碟阀关闭到位
BY06DX046,熔盐空气换热器主路蝶阀故障
BY06DX047,熔盐空气换热气主路闸阀现场控制状态
BY06DX048,熔盐空气换热气主路闸阀远程控制状态
BY06DX049,熔盐空气换热器次路碟阀打开到位
BY06DX050,熔盐空气换热器次路碟阀关闭到位
BY06DX051,熔盐空气换热器次路蝶阀故障
BY06DX052,熔盐空气换热气主路闸阀现场控制状态
BY06DX053,熔盐空气换热气主路闸阀远程控制状态
BY06DX054,熔盐空气换热器主路风机运行状态
BY06DX055,熔盐空气换热器主路风机故障状态
BY06DX056,熔盐空气换热器次路风机运行状态
BY06DX057,熔盐空气换热器次路风机故障状态
BY06DX058,熔盐空气换热器次路风机运行状态
BY06DX059,熔盐空气换热器次路风机故障状态
BY06DX060,冷冻阀1 风机上电状态
BY06DX061,冷冻阀2 风机上电状态
BY06DX062,冷冻阀3 风机上电状态
BY06DX063,冷冻阀4 风机上电状态
BY06DX064,六号柜XCU状态
BY06DX065,六号柜XCU-A状态
BY06DX066,六号柜XCU-B状态
BY06DX067,六号柜NET状态
BY06DX068,一回路泵振动状态
BY06DX069,一回路泵变频器电流状态
BY06DX070,一回路熔盐泵泵轴吹扫气流量状态
BY06DX071,一回路熔盐泵轴温度状态
BY06DX072,一回路熔盐泵干气密封气压力状态
BY06DX073,一回路熔盐泵维护模式启动条件MUI
BY06DX074,一回路熔盐泵油冷机流量状态
BY06DX075,一回路熔盐泵泵罐压力状态
BY06DX076,一回路熔盐泵泵罐熔盐液位状态
BY06DX077,一回路熔盐泵屏蔽塞吹扫气状态
BY06DX078,一回路熔盐泵运行模式启动条件NUI
BY06DX079,一回路熔盐泵总连锁状态
BY06DX080,二回路泵振动状态
BY06DX081,二回路泵变频器电流状态
BY06DX082,二回路熔盐泵泵轴吹扫气流量状态
BY06DX083,二回路熔盐泵轴温度状态
BY06DX084,二回路熔盐泵干气密封气压力状态
BY06DX085,二回路熔盐泵维护模式启动条件MUI
BY06DX086,二回路熔盐泵油冷机流量状态
BY06DX087,二回路熔盐泵泵罐压力状态
BY06DX088,二回路熔盐泵泵罐熔盐液位状态
BY06DX089,二回路熔盐泵屏蔽塞吹扫气状态
BY06DX090,二回路熔盐泵运行模式启动条件NUI
BY06DX091,二回路熔盐泵总连锁状态
BY06DX092,备用
BY06DX093,备用
BY06DX094,备用
BY06DX095,备用
BY06DX096,备用
BY06DX097,备用
BY06DX098,备用
BY06DX099,备用
BY06DX100,备用
BY06DX101,一回路泵电源启动反馈
BY06DX102,一回路泵电源停止反馈
BY06DX103,一回路泵电机变频器开关控制反馈
BY06DX104,电动调节阀1停止反馈
BY06DX105,备用
BY06DX106,二回路泵电源上电控制反馈
BY06DX107,二回路泵电源开关控制反馈
BY06DX108,二回路泵电机变频器开关控制反馈
BY06DX109,电动调节阀2停止反馈
BY06DX110,备用
BY06DX111,冷冻阀冷却风机01运行控制反馈
BY06DX112,电动调节阀1启动反馈
BY06DX113,冷冻阀冷却风机02运行控制反馈
BY06DX114,电动调节阀2启动反馈
BY06DX115,冷冻阀冷却风机03运行控制反馈
BY06DX116,电动调节阀3启动反馈
BY06DX117,冷冻阀冷却风机04运行控制反馈
BY06DX118,电动调节阀4启动反馈
BY06DX119,熔盐空气换热器预热炉进口高温阀打开反馈
BY06DX120,熔盐空气换热器预热炉进口高温阀关闭反馈
BY06DX121,熔盐空气换热器预热炉出口高温阀打开反馈
BY06DX122,熔盐空气换热器预热炉出口高温阀关闭反馈
BY06DX123,熔盐空气换热器主路闸阀打开反馈
BY06DX124,熔盐空气换热器主路闸阀关闭反馈
BY06DX125,熔盐空气换热器次路闸阀打开反馈
BY06DX126,熔盐空气换热器次路闸阀关闭反馈
BY06DX127,熔盐空气换热器混风阀打开反馈
BY06DX128,熔盐空气换热器混风阀关闭反馈
BY06DX129,熔盐空气换热器主路风机运行控制反馈
BY06DX130,熔盐空气换热器主路风机故障复位反馈
BY06DX131,熔盐空气换热器次路风机运行控制反馈
BY06DX132,熔盐空气换热器次路风机故障复位反馈
BY06DX133,熔盐空气换热器次路风机运行控制反馈
BY06DX134,熔盐空气换热器次路风机故障复位反馈
BY06DX135,一回路泵电机风扇启动反馈
BY06DX136,一回路泵电机风扇停止反馈
BY06DX137,二回路泵电机风扇启动反馈
BY06DX138,二回路泵电机风扇停止反馈
BY06DX139,冷冻阀1冷却风机电源启动反馈
BY06DX140,冷冻阀1冷却风机电源停止反馈
BY06DX141,冷冻阀2冷却风机电源启动反馈
BY06DX142,冷冻阀2冷却风机电源停止反馈
BY06DX143,冷冻阀3冷却风机电源启动反馈
BY06DX144,冷冻阀3冷却风机电源停止反馈
BY06DX145,冷冻阀4冷却风机电源启动反馈
BY06DX146,冷冻阀4冷却风机电源停止反馈
BY06DX147,电动调节阀3停止反馈
BY06DX148,电动调节阀4停止反馈
BY06DX149,备用
BY06DX150,备用
BY06DX151,备用
BY06DX152,备用
BY06DX153,备用
BY06DX154,备用
BY06DX155,备用
BY06DX156,备用
BY06DX157,备用
BY06DX158,备用
BY06DX159,备用
BY06DX160,备用
BY06DX161,备用
BY06DX162,备用
BY06DX163,备用
BY06DX164,备用
BY06DX165,备用
BY06DX166,备用
BY06DX167,备用
BY06DX168,备用
BY06DX169,备用
BY06DX170,备用
BY06DX171,备用
BY06DX172,备用
BY06DX173,备用
BY06DX174,备用
BY06DX175,备用
BY06DX176,备用
BY06DX177,备用
BY06DX178,备用
BY06DX179,备用
BY06DX180,备用
BY06DX181,备用
BY06DX182,备用
BY06DX183,备用
BY06DX184,备用
BY06DX185,备用
BY06DX186,备用
BY06DX187,备用
BY06DX188,备用
BY06DX189,备用
BY06DX190,备用
BY06DX191,备用
BY06DX192,备用
BY06DX193,备用
BY06DX194,备用
BY06DX195,备用
BY06DX196,备用
BY06DX197,备用
BY06DX198,备用
BY06DX199,备用
BY06DX200,备用
BY06DX201,备用
BY06DX202,备用
BY06DX203,备用
BY06DX204,备用
BY06DX205,备用
BY06DX206,备用
BY06DX207,备用
BY06DX208,备用
BY06DX209,备用
BY06DX210,备用
BY06DX211,备用
BY06DX212,备用
BY06DX213,备用
BY06DX214,备用
BY06DX215,备用
BY06DX216,备用
BY06DX217,备用
BY06DX218,备用
BY06DX219,备用
BY06DX220,备用
BY06DX221,备用
BY06DX222,备用
BY06DX223,备用
BY06DX224,备用
BY06DX225,备用
BY06DX226,备用
BY06DX227,备用
BY06DX228,备用
BY06DX229,备用
BY06DX230,备用
BY06DX231,备用
BY06DX232,备用
BY06DX233,备用
BY06DX234,备用
BY06DX235,备用
BY06DX236,备用
BY06DX237,备用
BY06DX238,备用
BY06DX239,备用
BY06DX240,备用
BY06DX241,备用
BY06DX242,备用
BY06DX243,备用
BY06DX244,备用
BY06DX245,备用
BY06DX246,备用
BY06DX247,备用
BY06DX248,备用
BY06DX249,备用
BY06DX250,备用
BY06DX251,备用
BY06DX252,备用
BY06DX253,备用
BY06DX254,备用
BY06DX255,备用
BY06DX256,备用
BY06DX257,备用
BY06DX258,备用
BY06DX259,备用
BY06DX260,备用
BY06DX261,备用
BY06DX262,备用
BY06DX263,备用
BY06DX264,备用
BY06DX265,备用
BY06DX266,备用
BY06DX267,备用
BY06DX268,备用
BY06DX269,备用
BY06DX270,备用
BY06DX271,备用
BY06DX272,备用
BY06DX273,备用
BY06DX274,备用
BY06DX275,备用
BY06DX276,备用
BY06DX277,备用
BY06DX278,备用
BY06DX279,备用
BY06DX280,备用
BY06DX281,备用
BY06DX282,备用
BY06DX283,备用
BY06DX284,备用
BY06DX285,备用
BY06DX286,备用
BY06DX287,备用
BY06DX288,备用
BY06DX289,备用
BY06DX290,备用
BY06DX291,备用
BY06DX292,备用
BY06DX293,备用
BY06DX294,备用
BY06DX295,备用
BY06DX296,备用
BY06DX297,备用
BY06DX298,备用
BY06DX299,备用
BY06DX300,备用
BY07DX001,七号柜XCU状态
BY07DX002,七号柜XCU-A状态
BY07DX003,七号柜XCU-B状态
BY07DX004,七号柜NET状态
BY07DX005,备用
BY07DX006,备用
BY07DX007,备用
BY07DX008,备用
BY07DX009,备用
BY07DX010,备用
BY07DX011,备用
BY07DX012,备用
BY07DX013,备用
BY07DX014,备用
BY07DX015,备用
BY07DX016,备用
BY07DX017,备用
BY07DX018,备用
BY07DX019,备用
BY07DX020,备用
BY07DX021,备用
BY07DX022,备用
BY07DX023,备用
BY07DX024,备用
BY07DX025,备用
BY07DX026,备用
BY07DX027,备用
BY07DX028,备用
BY07DX029,备用
BY07DX030,备用
BY07DX031,备用
BY07DX032,备用
BY07DX033,备用
BY07DX034,备用
BY07DX035,备用
BY07DX036,备用
BY07DX037,备用
BY07DX038,备用
BY07DX039,备用
BY07DX040,备用
BY07DX041,备用
BY07DX042,备用
BY07DX043,备用
BY07DX044,备用
BY07DX045,备用
BY07DX046,备用
BY07DX047,备用
BY07DX048,备用
BY07DX049,备用
BY07DX050,备用
BY07DX051,备用
BY07DX052,备用
BY07DX053,备用
BY07DX054,备用
BY07DX055,备用
BY07DX056,备用
BY07DX057,备用
BY07DX058,备用
BY07DX059,备用
BY07DX060,备用
BY07DX061,备用
BY07DX062,备用
BY07DX063,备用
BY07DX064,备用
BY07DX065,备用
BY07DX066,备用
BY07DX067,备用
BY07DX068,备用
BY07DX069,备用
BY07DX070,备用
BY07DX071,备用
BY07DX072,备用
BY07DX073,备用
BY07DX074,备用
BY07DX075,备用
BY07DX076,备用
BY07DX077,备用
BY07DX078,备用
BY07DX079,备用
BY07DX080,备用
BY07DX081,备用
BY07DX082,备用
BY07DX083,备用
BY07DX084,备用
BY07DX085,备用
BY07DX086,备用
BY07DX087,备用
BY07DX088,备用
BY07DX089,备用
BY07DX090,备用
BY07DX091,备用
BY07DX092,备用
BY07DX093,备用
BY07DX094,备用
BY07DX095,备用
BY07DX096,备用
BY07DX097,备用
BY07DX098,备用
BY07DX099,备用
BY07DX100,备用
BY07DX101,备用
BY07DX102,备用
BY07DX103,备用
BY07DX104,备用
BY07DX105,备用
BY07DX106,备用
BY07DX107,备用
BY07DX108,备用
BY07DX109,备用
BY07DX110,备用
BY07DX111,备用
BY07DX112,备用
BY07DX113,备用
BY07DX114,备用
BY07DX115,备用
BY07DX116,备用
BY07DX117,备用
BY07DX118,备用
BY07DX119,备用
BY07DX120,备用
BY07DX121,备用
BY07DX122,备用
BY07DX123,备用
BY07DX124,备用
BY07DX125,备用
BY07DX126,备用
BY07DX127,备用
BY07DX128,备用
BY07DX129,备用
BY07DX130,备用
BY07DX131,备用
BY07DX132,备用
BY07DX133,备用
BY07DX134,备用
BY07DX135,备用
BY07DX136,备用
BY07DX137,备用
BY07DX138,备用
BY07DX139,备用
BY07DX140,备用
BY07DX141,备用
BY07DX142,备用
BY07DX143,备用
BY07DX144,备用
BY07DX145,备用
BY07DX146,备用
BY07DX147,备用
BY07DX148,备用
BY07DX149,备用
BY07DX150,备用
BY07DX151,备用
BY07DX152,备用
BY07DX153,备用
BY07DX154,备用
BY07DX155,备用
BY07DX156,备用
BY07DX157,备用
BY07DX158,备用
BY07DX159,备用
BY07DX160,备用
BY07DX161,备用
BY07DX162,备用
BY07DX163,备用
BY07DX164,备用
BY07DX165,备用
BY07DX166,备用
BY07DX167,备用
BY07DX168,备用
BY07DX169,备用
BY07DX170,备用
BY07DX171,备用
BY07DX172,备用
BY07DX173,备用
BY07DX174,备用
BY07DX175,备用
BY07DX176,备用
BY07DX177,备用
BY07DX178,备用
BY07DX179,备用
BY07DX180,备用
BY07DX181,备用
BY07DX182,备用
BY07DX183,备用
BY07DX184,备用
BY07DX185,备用
BY07DX186,备用
BY07DX187,备用
BY07DX188,备用
BY07DX189,备用
BY07DX190,备用
BY07DX191,备用
BY07DX192,备用
BY07DX193,备用
BY07DX194,备用
BY07DX195,备用
BY07DX196,备用
BY07DX197,备用
BY07DX198,备用
BY07DX199,备用
BY07DX200,备用
BY07DX201,备用
BY07DX202,备用
BY07DX203,备用
BY07DX204,备用
BY07DX205,备用
BY07DX206,备用
BY07DX207,备用
BY07DX208,备用
BY07DX209,备用
BY07DX210,备用
BY07DX211,备用
BY07DX212,备用
BY07DX213,备用
BY07DX214,备用
BY07DX215,备用
BY07DX216,备用
BY07DX217,备用
BY07DX218,备用
BY07DX219,备用
BY07DX220,备用
BY07DX221,备用
BY07DX222,备用
BY07DX223,备用
BY07DX224,备用
BY07DX225,备用
BY07DX226,备用
BY07DX227,备用
BY07DX228,备用
BY07DX229,备用
BY07DX230,备用
BY07DX231,备用
BY07DX232,备用
BY07DX233,备用
BY07DX234,备用
BY07DX235,备用
BY07DX236,备用
BY07DX237,备用
BY07DX238,备用
BY07DX239,备用
BY07DX240,备用
BY07DX241,备用
BY07DX242,备用
BY07DX243,备用
BY07DX244,备用
BY07DX245,备用
BY07DX246,备用
BY07DX247,备用
BY07DX248,备用
BY07DX249,备用
BY07DX250,备用
BY07DX251,备用
BY07DX252,备用
BY07DX253,备用
BY07DX254,备用
BY07DX255,备用
BY07DX256,备用
BY07DX257,备用
BY07DX258,备用
BY07DX259,备用
BY07DX260,备用
BY07DX261,备用
BY07DX262,备用
BY07DX263,备用
BY07DX264,备用
BY07DX265,备用
BY07DX266,备用
BY07DX267,备用
BY07DX268,备用
BY07DX269,备用
BY07DX270,备用
BY07DX271,备用
BY07DX272,备用
BY07DX273,备用
BY07DX274,备用
BY07DX275,备用
BY07DX276,备用
BY07DX277,备用
BY07DX278,备用
BY07DX279,备用
BY07DX280,备用
BY07DX281,备用
BY07DX282,备用
BY07DX283,备用
BY07DX284,备用
BY07DX285,备用
BY07DX286,备用
BY07DX287,备用
BY07DX288,备用
BY07DX289,备用
BY07DX290,备用
BY07DX291,备用
BY07DX292,备用
BY07DX293,备用
BY07DX294,备用
BY07DX295,备用
BY07DX296,备用
BY07DX297,备用
BY07DX298,备用
BY07DX299,备用
BY07DX300,备用
BY08DX001,备用
BY08DX002,备用
BY08DX003,备用
BY08DX004,备用
BY08DX005,备用
BY08DX006,备用
BY08DX007,备用
BY08DX008,备用
BY08DX009,备用
BY08DX010,备用
BY08DX011,备用
BY08DX012,备用
BY08DX013,备用
BY08DX014,备用
BY08DX015,备用
BY08DX016,备用
BY08DX017,备用
BY08DX018,备用
BY08DX019,备用
BY08DX020,备用
BY08DX021,备用
BY08DX022,备用
BY08DX023,备用
BY08DX024,备用
BY08DX025,备用
BY08DX026,备用
BY08DX027,备用
BY08DX028,备用
BY08DX029,备用
BY08DX030,备用
BY08DX031,备用
BY08DX032,备用
BY08DX033,备用
BY08DX034,备用
BY08DX035,备用
BY08DX036,备用
BY08DX037,备用
BY08DX038,备用
BY08DX039,备用
BY08DX040,备用
BY08DX041,备用
BY08DX042,备用
BY08DX043,备用
BY08DX044,备用
BY08DX045,备用
BY08DX046,备用
BY08DX047,备用
BY08DX048,备用
BY08DX049,备用
BY08DX050,备用
BY08DX051,备用
BY08DX052,备用
BY08DX053,备用
BY08DX054,备用
BY08DX055,备用
BY08DX056,备用
BY08DX057,备用
BY08DX058,备用
BY08DX059,备用
BY08DX060,备用
BY08DX061,备用
BY08DX062,备用
BY08DX063,备用
BY08DX064,备用
BY08DX065,备用
BY08DX066,备用
BY08DX067,备用
BY08DX068,备用
BY08DX069,备用
BY08DX070,备用
BY08DX071,备用
BY08DX072,备用
BY08DX073,备用
BY08DX074,备用
BY08DX075,备用
BY08DX076,备用
BY08DX077,备用
BY08DX078,备用
BY08DX079,备用
BY08DX080,备用
BY08DX081,备用
BY08DX082,备用
BY08DX083,备用
BY08DX084,备用
BY08DX085,备用
BY08DX086,备用
BY08DX087,备用
BY08DX088,备用
BY08DX089,备用
BY08DX090,备用
BY08DX091,备用
BY08DX092,备用
BY08DX093,备用
BY08DX094,备用
BY08DX095,备用
BY08DX096,备用
BY08DX097,备用
BY08DX098,备用
BY08DX099,备用
BY08DX100,备用
BY08DX101,备用
BY08DX102,备用
BY08DX103,备用
BY08DX104,备用
BY08DX105,备用
BY08DX106,备用
BY08DX107,备用
BY08DX108,备用
BY08DX109,备用
BY08DX110,备用
BY08DX111,备用
BY08DX112,备用
BY08DX113,备用
BY08DX114,备用
BY08DX115,备用
BY08DX116,备用
BY08DX117,备用
BY08DX118,备用
BY08DX119,备用
BY08DX120,备用
BY08DX121,备用
BY08DX122,备用
BY08DX123,备用
BY08DX124,备用
BY08DX125,备用
BY08DX126,备用
BY08DX127,备用
BY08DX128,备用
BY08DX129,备用
BY08DX130,备用
BY08DX131,备用
BY08DX132,备用
BY08DX133,备用
BY08DX134,备用
BY08DX135,备用
BY08DX136,备用
BY08DX137,备用
BY08DX138,备用
BY08DX139,备用
BY08DX140,备用
BY08DX141,备用
BY08DX142,备用
BY08DX143,备用
BY08DX144,备用
BY08DX145,备用
BY08DX146,备用
BY08DX147,备用
BY08DX148,备用
BY08DX149,备用
BY08DX150,备用
BY08DX151,备用
BY08DX152,备用
BY08DX153,备用
BY08DX154,备用
BY08DX155,备用
BY08DX156,备用
BY08DX157,备用
BY08DX158,备用
BY08DX159,备用
BY08DX160,备用
BY08DX161,备用
BY08DX162,备用
BY08DX163,备用
BY08DX164,备用
BY08DX165,备用
BY08DX166,备用
BY08DX167,备用
BY08DX168,备用
BY08DX169,备用
BY08DX170,备用
BY08DX171,备用
BY08DX172,备用
BY08DX173,备用
BY08DX174,备用
BY08DX175,备用
BY08DX176,备用
BY08DX177,备用
BY08DX178,备用
BY08DX179,备用
BY08DX180,备用
BY08DX181,备用
BY08DX182,备用
BY08DX183,备用
BY08DX184,备用
BY08DX185,备用
BY08DX186,备用
BY08DX187,备用
BY08DX188,备用
BY08DX189,备用
BY08DX190,备用
BY08DX191,备用
BY08DX192,备用
BY08DX193,备用
BY08DX194,备用
BY08DX195,备用
BY08DX196,备用
BY08DX197,备用
BY08DX198,备用
BY08DX199,备用
BY08DX200,备用
BY08DX201,备用
BY08DX202,备用
BY08DX203,备用
BY08DX204,备用
BY08DX205,备用
BY08DX206,备用
BY08DX207,备用
BY08DX208,备用
BY08DX209,备用
BY08DX210,备用
BY08DX211,备用
BY08DX212,备用
BY08DX213,备用
BY08DX214,备用
BY08DX215,备用
BY08DX216,备用
BY08DX217,备用
BY08DX218,备用
BY08DX219,备用
BY08DX220,备用
BY08DX221,备用
BY08DX222,备用
BY08DX223,备用
BY08DX224,备用
BY08DX225,备用
BY08DX226,备用
BY08DX227,备用
BY08DX228,备用
BY08DX229,备用
BY08DX230,备用
BY08DX231,备用
BY08DX232,备用
BY08DX233,备用
BY08DX234,备用
BY08DX235,备用
BY08DX236,备用
BY08DX237,备用
BY08DX238,备用
BY08DX239,备用
BY08DX240,备用
BY08DX241,备用
BY08DX242,备用
BY08DX243,备用
BY08DX244,备用
BY08DX245,备用
BY08DX246,备用
BY08DX247,备用
BY08DX248,备用
BY08DX249,备用
BY08DX250,备用
BY08DX251,备用
BY08DX252,备用
BY08DX253,备用
BY08DX254,备用
BY08DX255,备用
BY08DX256,备用
BY08DX257,备用
BY08DX258,备用
BY08DX259,备用
BY08DX260,备用
BY08DX261,备用
BY08DX262,备用
BY08DX263,备用
BY08DX264,备用
BY08DX265,备用
BY08DX266,备用
BY08DX267,备用
BY08DX268,备用
BY08DX269,备用
BY08DX270,备用
BY08DX271,备用
BY08DX272,备用
BY08DX273,备用
BY08DX274,备用
BY08DX275,备用
BY08DX276,备用
BY08DX277,备用
BY08DX278,备用
BY08DX279,备用
BY08DX280,备用
BY08DX281,备用
BY08DX282,备用
BY08DX283,备用
BY08DX284,备用
BY08DX285,备用
BY08DX286,备用
BY08DX287,备用
BY08DX288,备用
BY08DX289,备用
BY08DX290,备用
BY08DX291,备用
BY08DX292,备用
BY08DX293,备用
BY08DX294,备用
BY08DX295,备用
BY08DX296,备用
BY08DX297,备用
BY08DX298,备用
BY08DX299,备用
BY08DX300,备用
10KRB05AA001:CY01-CIC,V1201状态反馈
10KRB05AA002:CY01-CIC,V1202状态反馈
10KRB05AA003:CY01-CIC,V1203状态反馈
10KRB05AA004:CY01-CIC,V1204状态反馈
10KRB05AA005:CY01-CIC,V1205状态反馈
10KRB05AA006:CY01-CIC,V1206状态反馈
10KRB05AA007:CY01-CIC,V1207状态反馈
10KRB03AA001:CY01-CIC,V1301状态反馈
10KRB03AA002:CY01-CIC,V1302状态反馈
10KRB03AA003:CY01-CIC,V1303状态反馈
10KRB03AA004:CY01-CIC,V1304状态反馈
10KRB03AA005:CY01-CIC,V1305状态反馈
10KRB03AA006:CY01-CIC,V1306状态反馈
10KRB03AA007:CY01-CIC,V1307状态反馈
10KRB03AA008:CY01-CIC,V1308状态反馈
10KRB04AA001:CY01-CIC,V1401状态反馈
10KRB04AA002:CY01-CIC,V1402状态反馈
10KRB04AA003:CY01-CIC,V1403状态反馈
10KRB04AA004:CY01-CIC,V1404状态反馈
10KRB04AA005:CY01-CIC,V1405状态反馈
10KRB04AA006:CY01-CIC,V1406状态反馈
10KRB04AA007:CY01-CIC,V1407状态反馈
10KRB04AA008:CY01-CIC,V1408状态反馈
10KRB04AA009:CY01-CIC,V1409状态反馈
10KRB06AA001:CY01-CIC,V1601状态反馈
10KRB06AA002:CY01-CIC,V1602状态反馈
10KRB06AA003:CY01-CIC,V1603状态反馈
10KRB06AA004:CY01-CIC,V1604状态反馈
10KRB06AA005:CY01-CIC,V1605状态反馈
10KRB06AA006:CY01-CIC,V1606状态反馈
10KRB06AA007:CY01-CIC,V1607状态反馈
10KRB06AA008:CY01-CIC,V1608状态反馈
10KRB06AA009:CY01-CIC,V1609状态反馈
10KRB07AA001:CY01-CIC,V1501状态反馈
10KRB07AA002:CY01-CIC,V1502状态反馈
10KRB07AA003:CY01-CIC,V1503状态反馈
10KRB07AA004:CY01-CIC,V1504状态反馈
10KRB07AA005:CY01-CIC,V1505状态反馈
10KRB07AA006:CY01-CIC,V1506状态反馈
10KRB07AA007:CY01-CIC,V1507状态反馈
10KRB07AA008:CY01-CIC,V1508状态反馈
10KRB07AA009:CY01-CIC,V1509状态反馈
10KRB07AA010:CY01-CIC,V1510状态反馈
10KRB07AA011:CY01-CIC,V1511状态反馈
10KRB07AA012:CY01-CIC,V1512状态反馈
10KRB07AA013:CY01-CIC,V1513状态反馈
10KRB07AA014:CY01-CIC,V1514状态反馈
10KRB07AA015:CY01-CIC,V1515状态反馈
10KRB07AA016:CY01-CIC,V1516状态反馈
10KRB07AA017:CY01-CIC,V1517状态反馈
10KRB07AA018:CY01-CIC,V1518状态反馈
10KRB07AA019:CY01-CIC,V1519状态反馈
10KRB07AA020:CY01-CIC,V1520状态反馈
10KRB07AA021:CY01-CIC,V1521状态反馈
10KRB07AA022:CY01-CIC,V1522状态反馈
10KRB07AA023:CY01-CIC,V1523状态反馈
10KRB01AA101:CY01-CIC,V1101状态反馈
10KRB01AA102:CY01-CIC,V1102状态反馈
10KRB01AA103:CY01-CIC,V1103状态反馈
10KRB01AA104:CY01-CIC,V1104状态反馈
10KRB05AA001:CZ01-COC,V1201开关控制
10KRB05AA003:CZ01-COC,V1203开关控制
10KRB05AA002:CZ01-COC,V1202开关控制
10KRB05AA004:CZ01-COC,V1204开关控制
10KRB05AA005:CZ01-COC,V1205开关控制
10KRB05AA006:CZ01-COC,V1206开关控制
10KRB05AA007:CZ01-COC,V1207开关控制
10KRB03AA001:CZ01-COC,V1301开关控制
10KRB03AA002:CZ01-COC,V1302开关控制
10KRB03AA003:CZ01-COC,V1303开关控制
10KRB03AA004:CZ01-COC,V1304开关控制
10KRB03AA005:CZ01-COC,V1305开关控制
10KRB03AA006:CZ01-COC,V1306开关控制
10KRB03AA007:CZ01-COC,V1307开关控制
10KRB03AA008:CZ01-COC,V1308开关控制
10KRB04AA001:CZ01-COC,V1401开关控制
10KRB04AA002:CZ01-COC,V1402开关控制
10KRB04AA003:CZ01-COC,V1403开关控制
10KRB04AA004:CZ01-COC,V1404开关控制
10KRB04AA005:CZ01-COC,V1405开关控制
10KRB04AA006:CZ01-COC,V1406开关控制
10KRB04AA007:CZ01-COC,V1407开关控制
10KRB04AA008:CZ01-COC,V1408开关控制
10KRB04AA009:CZ01-COC,V1409开关控制
10KRB06AA001:CZ01-COC,V1601开关控制
10KRB06AA002:CZ01-COC,V1602开关控制
10KRB06AA003:CZ01-COC,V1603开关控制
10KRB06AA004:CZ01-COC,V1604开关控制
10KRB06AA005:CZ01-COC,V1605开关控制
10KRB06AA006:CZ01-COC,V1606开关控制
10KRB06AA007:CZ01-COC,V1607开关控制
10KRB06AA008:CZ01-COC,V1608开关控制
10KRB06AA009:CZ01-COC,V1609开关控制
10KRB07AA001:CZ01-COC,V1501开关控制
10KRB07AA002:CZ01-COC,V1502开关控制
10KRB07AA003:CZ01-COC,V1503开关控制
10KRB07AA004:CZ01-COC,V1504开关控制
10KRB07AA005:CZ01-COC,V1505开关控制
10KRB07AA006:CZ01-COC,V1506开关控制
10KRB07AA007:CZ01-COC,V1507开关控制
10KRB07AA008:CZ01-COC,V1508开关控制
10KRB07AA009:CZ01-COC,V1509开关控制
10KRB07AA010:CZ01-COC,V1510开关控制
10KRB07AA011:CZ01-COC,V1511开关控制
10KRB07AA012:CZ01-COC,V1512开关控制
10KRB07AA013:CZ01-COC,V1513开关控制
10KRB07AA014:CZ01-COC,V1514开关控制
10KRB07AA015:CZ01-COC,V1515开关控制
10KRB07AA016:CZ01-COC,V1516开关控制
10KRB07AA017:CZ01-COC,V1517开关控制
10KRB07AA018:CZ01-COC,V1518开关控制
10KRB07AA019:CZ01-COC,V1519开关控制
10KRB07AA020:CZ01-COC,V1520开关控制
10KRB07AA021:CZ01-COC,V1521开关控制
10KRB07AA022:CZ01-COC,V1522开关控制
10KRB07AA023:CZ01-COC,V1523开关控制
10KRB01AA101:CZ01-COC,V1101开关控制
10KRB01AA102:CZ01-COC,V1102开关控制
10KRB01AA103:CZ01-COC,V1103开关控制
10KRB01AA104:CZ01-COC,V1104开关控制
Vauto:1KC-OP,一回路快充开关启动
Vauto:2KC-OP,二回路快充开关启动
Vauto:1WY-OP,一回路稳压开关启动
Vauto:2WY-OP,二回路稳压开关启动
Vauto:1YY-OP,一回路压盐开关启动
Vauto:2YY-OP,二回路压盐开关启动
Vauto:1BCY-OP,一回路泵超压自动开关启动
Vauto:2BCY-OP,二回路泵超压自动开关启动
Vauto:1GLQ-OP,一回路过滤器切换开关启动
Vauto:2GLQ-OP,二回路过滤器切换开关启动
Vauto:XFQ-OP,吸附器切换开关启动
Vauto:1PQ-OP,一回路排气开关启动
Vauto:2PQ-OP,二回路排气开关启动
Vauto:1JP-OP,一回路急排开关启动
Vauto:2JP-OP,二回路急排开关启动
1KC:PressureAlarm,一回路快充未至额定压力报警
1KC:ManualAuto,一回路快充手动自动选择开关
2KC:PressureAlarm,二回路快充未至额定压力报警
2KC:ManualAuto,二回路快充手动自动选择开关
10KRBCP003:PAD1503,P1503未达额定压力报警
10KRBCP004:PAD1504,P1504未达额定压力报警
10KRBCP005:PAD1505,P1505未达额定压力报警
10KRBCP001:PAU1501,P1501超压力报警
10KRBCP002:PAU1502,P1502超压力报警
10KRBCP004:PAU1504,P1504超压力报警
10KRB07CP008-09:PA,P1508 P1509 差值超压报警
10KRB07CP010-11:PA,P1510 P1511 差值超压报警
10KRB07CP012-13:PA,P1512 P1513 差值超压报警
E01,一回路排气E01状态选择
AE01,一二回路排气AE01状态选择
E02,一回路排气E02状态选择
V1202MOS,V1202手动控制开关
V1304MOS,V1304手动控制开关
V1308MOS,V1308手动控制开关
V1501MOS,V1501手动控制开关
V1502MOS,V1502手动控制开关
V1512MOS,V1512手动控制开关
V1507MOS,V1507手动控制开关
V1513MOS,V1513手动控制开关
V1406MOS,V1406手动控制开关
V1409MOS,V1409手动控制开关
V1307MOS,V1307手动控制开关
V1408MOS,V1408手动控制开关
V1523MOS,V1523手动控制开关
V1522MOS,V1522手动控制开关
V1302MOS,V1302手动控制开关
V1305MOS,V1305手动控制开关
V1517MOS,V1517手动控制开关
V1503MOS,V1503手动控制开关
V1504MOS,V1504手动控制开关
V1505MOS,V1505手动控制开关
V1506MOS,V1506手动控制开关
V1518MOS,V1518手动控制开关
V1519MOS,V1519手动控制开关
V1520MOS,V1520手动控制开关
V1521MOS,V1521手动控制开关
V1403MOS,V1403手动控制开关
V1407MOS,V1407手动控制开关
V1516MOS,V1516手动控制开关
V1508MOS,V1508手动控制开关
V1509MOS,V1509手动控制开关
V1510MOS,V1510手动控制开关
V1511MOS,V1511手动控制开关
FLFS,一回路快充工作状态反馈
FLSST,一回路压盐工作状态反馈
FLOP,一回路超压工作状态反馈
FLSP,一回路稳压工作状态反馈
FLEX,一回路排气工作状态反馈
FLFEX,一回路急排气工作状态反馈
SLFS,二回路快充工作状态反馈
SLSST,二回路压盐工作状态反馈
SLOP,二回路超压工作状态反馈
SLSP,二回路稳压工作状态反馈
SLEX,二回路排气工作状态反馈
SLFEX,二回路急排气工作状态反馈
E01S,E01状态反馈
AE01S,AE01状态反馈
E02S,E02状态反馈
BY09DX199,备用
BY09DX200,备用
BY09DX201,备用
BY09DX202,备用
BY09DX203,备用
BY09DX204,备用
BY09DX205,备用
BY09DX206,备用
BY09DX207,备用
BY09DX208,备用
BY09DX209,备用
BY09DX210,备用
BY09DX211,备用
BY09DX212,备用
BY09DX213,备用
BY09DX214,备用
BY09DX215,备用
BY09DX216,备用
BY09DX217,备用
BY09DX218,备用
BY09DX219,备用
BY09DX220,备用
BY09DX221,备用
BY09DX222,备用
BY09DX223,备用
BY09DX224,备用
BY09DX225,备用
BY09DX226,备用
BY09DX227,备用
BY09DX228,备用
BY09DX229,备用
BY09DX230,备用
BY09DX231,备用
BY09DX232,备用
BY09DX233,备用
BY09DX234,备用
BY09DX235,备用
BY09DX236,备用
BY09DX237,备用
BY09DX238,备用
BY09DX239,备用
BY09DX240,备用
BY09DX241,备用
BY09DX242,备用
BY09DX243,备用
BY09DX244,备用
BY09DX245,备用
BY09DX246,备用
BY09DX247,备用
BY09DX248,备用
BY09DX249,备用
BY09DX250,备用
BY09DX251,备用
BY09DX252,备用
BY09DX253,备用
BY09DX254,备用
BY09DX255,备用
BY09DX256,备用
BY09DX257,备用
BY09DX258,备用
BY09DX259,备用
BY09DX260,备用
BY09DX261,备用
BY09DX262,备用
BY09DX263,备用
BY09DX264,备用
BY09DX265,备用
BY09DX266,备用
BY09DX267,备用
BY09DX268,备用
BY09DX269,备用
BY09DX270,备用
BY09DX271,备用
BY09DX272,备用
BY09DX273,备用
BY09DX274,备用
BY09DX275,备用
BY09DX276,备用
BY09DX277,备用
BY09DX278,备用
BY09DX279,备用
BY09DX280,备用
BY09DX281,备用
BY09DX282,备用
BY09DX283,备用
BY09DX284,备用
BY09DX285,备用
BY09DX286,备用
BY09DX287,备用
BY09DX288,备用
BY09DX289,备用
BY09DX290,备用
BY09DX291,备用
BY09DX292,备用
BY09DX293,备用
BY09DX294,备用
BY09DX295,备用
BY09DX296,备用
BY09DX297,备用
BY09DX298,备用
BY09DX299,备用
BY09DX300,备用
BY10DX001,堆芯加热棒超温报警1
BY10DX002,堆芯加热棒超温报警2
BY10DX003,堆芯加热棒超温报警3
BY10DX004,堆芯加热棒超温报警4
BY10DX005,堆芯加热棒超温报警5
BY10DX006,堆芯加热棒超温报警6
BY10DX007,堆芯加热棒超温报警7
BY10DX008,堆芯加热棒超温报警8
BY10DX009,堆芯加热棒超温报警9
BY10DX010,堆芯加热棒超温报警10
BY10DX011,堆芯加热棒超温报警11
BY10DX012,堆芯加热棒超温报警12
BY10DX013,堆芯加热棒超温报警13
BY10DX014,堆芯加热棒超温报警14
BY10DX015,堆芯加热棒超温报警15
BY10DX016,堆芯加热棒超温报警16
BY10DX017,堆芯加热棒超温报警17
BY10DX018,堆芯加热棒超温报警18
BY10DX019,堆芯加热棒超温报警19
BY10DX020,十号柜XCU状态
BY10DX021,十号柜XCU-A状态
BY10DX022,十号柜XCU-B状态
BY10DX023,十号柜NET状态
BY10DX024,备用
BY10DX025,备用
BY10DX026,备用
BY10DX027,备用
BY10DX028,备用
BY10DX029,备用
BY10DX030,备用
BY10DX031,备用
BY10DX032,备用
BY10DX033,备用
BY10DX034,备用
BY10DX035,备用
BY10DX036,备用
BY10DX037,备用
BY10DX038,备用
BY10DX039,备用
BY10DX040,备用
BY10DX041,备用
BY10DX042,备用
BY10DX043,备用
BY10DX044,备用
BY10DX045,备用
BY10DX046,备用
BY10DX047,备用
BY10DX048,备用
BY10DX049,备用
BY10DX050,备用
BY10DX051,备用
BY10DX052,备用
BY10DX053,备用
BY10DX054,备用
BY10DX055,备用
BY10DX056,备用
BY10DX057,备用
BY10DX058,备用
BY10DX059,备用
BY10DX060,备用
BY10DX061,备用
BY10DX062,备用
BY10DX063,备用
BY10DX064,备用
BY10DX065,备用
BY10DX066,备用
BY10DX067,备用
BY10DX068,备用
BY10DX069,备用
BY10DX070,备用
BY10DX071,备用
BY10DX072,备用
BY10DX073,备用
BY10DX074,备用
BY10DX075,备用
BY10DX076,备用
BY10DX077,备用
BY10DX078,备用
BY10DX079,备用
BY10DX080,备用
BY10DX081,备用
BY10DX082,备用
BY10DX083,备用
BY10DX084,备用
BY10DX085,备用
BY10DX086,备用
BY10DX087,备用
BY10DX088,备用
BY10DX089,备用
BY10DX090,备用
BY10DX091,备用
BY10DX092,备用
BY10DX093,备用
BY10DX094,备用
BY10DX095,备用
BY10DX096,备用
BY10DX097,备用
BY10DX098,备用
BY10DX099,备用
BY10DX100,备用
BY10DX101,备用
BY10DX102,备用
BY10DX103,备用
BY10DX104,备用
BY10DX105,备用
BY10DX106,备用
BY10DX107,备用
BY10DX108,备用
BY10DX109,备用
BY10DX110,备用
BY10DX111,备用
BY10DX112,备用
BY10DX113,备用
BY10DX114,备用
BY10DX115,备用
BY10DX116,备用
BY10DX117,备用
BY10DX118,备用
BY10DX119,备用
BY10DX120,备用
BY10DX121,备用
BY10DX122,备用
BY10DX123,备用
BY10DX124,备用
BY10DX125,备用
BY10DX126,备用
BY10DX127,备用
BY10DX128,备用
BY10DX129,备用
BY10DX130,备用
BY10DX131,备用
BY10DX132,备用
BY10DX133,备用
BY10DX134,备用
BY10DX135,备用
BY10DX136,备用
BY10DX137,备用
BY10DX138,备用
BY10DX139,备用
BY10DX140,备用
BY10DX141,备用
BY10DX142,备用
BY10DX143,备用
BY10DX144,备用
BY10DX145,备用
BY10DX146,备用
BY10DX147,备用
BY10DX148,备用
BY10DX149,备用
BY10DX150,备用
BY10DX151,备用
BY10DX152,备用
BY10DX153,备用
BY10DX154,备用
BY10DX155,备用
BY10DX156,备用
BY10DX157,备用
BY10DX158,备用
BY10DX159,备用
BY10DX160,备用
BY10DX161,备用
BY10DX162,备用
BY10DX163,备用
BY10DX164,备用
BY10DX165,备用
BY10DX166,备用
BY10DX167,备用
BY10DX168,备用
BY10DX169,备用
BY10DX170,备用
BY10DX171,备用
BY10DX172,备用
BY10DX173,备用
BY10DX174,备用
BY10DX175,备用
BY10DX176,备用
BY10DX177,备用
BY10DX178,备用
BY10DX179,备用
BY10DX180,备用
BY10DX181,备用
BY10DX182,备用
BY10DX183,备用
BY10DX184,备用
BY10DX185,备用
BY10DX186,备用
BY10DX187,备用
BY10DX188,备用
BY10DX189,备用
BY10DX190,备用
BY10DX191,备用
BY10DX192,备用
BY10DX193,备用
BY10DX194,备用
BY10DX195,备用
BY10DX196,备用
BY10DX197,备用
BY10DX198,备用
BY10DX199,备用
BY10DX200,备用
BY10DX201,备用
BY10DX202,备用
BY10DX203,备用
BY10DX204,备用
BY10DX205,备用
BY10DX206,备用
BY10DX207,备用
BY10DX208,备用
BY10DX209,备用
BY10DX210,备用
BY10DX211,备用
BY10DX212,备用
BY10DX213,备用
BY10DX214,备用
BY10DX215,备用
BY10DX216,备用
BY10DX217,备用
BY10DX218,备用
BY10DX219,备用
BY10DX220,备用
BY10DX221,备用
BY10DX222,备用
BY10DX223,备用
BY10DX224,备用
BY10DX225,备用
BY10DX226,备用
BY10DX227,备用
BY10DX228,备用
BY10DX229,备用
BY10DX230,备用
BY10DX231,备用
BY10DX232,备用
BY10DX233,备用
BY10DX234,备用
BY10DX235,备用
BY10DX236,备用
BY10DX237,备用
BY10DX238,备用
BY10DX239,备用
BY10DX240,备用
BY10DX241,备用
BY10DX242,备用
BY10DX243,备用
BY10DX244,备用
BY10DX245,备用
BY10DX246,备用
BY10DX247,备用
BY10DX248,备用
BY10DX249,备用
BY10DX250,备用
BY10DX251,备用
BY10DX252,备用
BY10DX253,备用
BY10DX254,备用
BY10DX255,备用
BY10DX256,备用
BY10DX257,备用
BY10DX258,备用
BY10DX259,备用
BY10DX260,备用
BY10DX261,备用
BY10DX262,备用
BY10DX263,备用
BY10DX264,备用
BY10DX265,备用
BY10DX266,备用
BY10DX267,备用
BY10DX268,备用
BY10DX269,备用
BY10DX270,备用
BY10DX271,备用
BY10DX272,备用
BY10DX273,备用
BY10DX274,备用
BY10DX275,备用
BY10DX276,备用
BY10DX277,备用
BY10DX278,备用
BY10DX279,备用
BY10DX280,备用
BY10DX281,备用
BY10DX282,备用
BY10DX283,备用
BY10DX284,备用
BY10DX285,备用
BY10DX286,备用
BY10DX287,备用
BY10DX288,备用
BY10DX289,备用
BY10DX290,备用
BY10DX291,备用
BY10DX292,备用
BY10DX293,备用
BY10DX294,备用
BY10DX295,备用
BY10DX296,备用
BY10DX297,备用
BY10DX298,备用
BY10DX299,备用
BY10DX300,备用
