BY01AX001,PM1-1目标温度
BY01AX002,PM1-1保护温度
BY01AX003,PM1-1功率设定反馈值
BY01AX004,PM1-2目标温度
BY01AX005,PM1-2保护温度
BY01AX006,PM1-2功率设定反馈值
BY01AX007,PM1-3目标温度
BY01AX008,PM1-3保护温度
BY01AX009,PM1-3功率设定反馈值
BY01AX010,PM1-4目标温度
BY01AX011,PM1-4保护温度
BY01AX012,PM1-4功率设定反馈值
BY01AX013,PM1-5目标温度
BY01AX014,PM1-5保护温度
BY01AX015,PM1-5功率设定反馈值
BY01AX016,PM1-6目标温度
BY01AX017,PM1-6保护温度
BY01AX018,PM1-6功率设定反馈值
BY01AX019,PM1-7目标温度
BY01AX020,PM1-7保护温度
BY01AX021,PM1-7功率设定反馈值
BY01AX022,PM1-8目标温度
BY01AX023,PM1-8保护温度
BY01AX024,PM1-8功率设定反馈值
BY01AX025,PM1-9目标温度
BY01AX026,PM1-9保护温度
BY01AX027,PM1-9功率设定反馈值
BY01AX028,PM1-10目标温度
BY01AX029,PM1-10保护温度
BY01AX030,PM1-10功率设定反馈值
BY01AX031,PM1-11目标温度
BY01AX032,PM1-11保护温度
BY01AX033,PM1-11功率设定反馈值
BY01AX034,PM1-12目标温度
BY01AX035,PM1-12保护温度
BY01AX036,PM1-12功率设定反馈值
BY01AX037,PM1-13目标温度
BY01AX038,PM1-13保护温度
BY01AX039,PM1-13功率设定反馈值
BY01AX040,二回路泵罐保温层壁面温度5
BY01AX041,二回路泵罐保温层壁面温度6
BY01AX042,双熔盐换热器外壁热电耦7
BY01AX043,双熔盐换热器外壁热电耦8
BY01AX044,管道保温层壁面温度9
BY01AX045,PL1-1目标温度
BY01AX046,PL1-1保护温度
BY01AX047,PL1-1功率设定反馈值
BY01AX048,PL1-2目标温度
BY01AX049,PL1-2保护温度
BY01AX050,PL1-2功率设定反馈值
BY01AX051,PL1-3目标温度
BY01AX052,PL1-3保护温度
BY01AX053,PL1-3功率设定反馈值
BY01AX054,PL1-4目标温度
BY01AX055,PL1-4保护温度
BY01AX056,PL1-4设定反馈值
BY01AX057,PL1-5目标温度
BY01AX058,PL1-5保护温度
BY01AX059,PL1-5功率设定反馈值
BY01AX060,PL1-6目标温度
BY01AX061,PL1-6保护温度
BY01AX062,PL1-6功率设定反馈值
BY01AX063,PL1-7目标温度
BY01AX064,PL1-7保护温度
BY01AX065,PL1-7功率设定反馈值
BY01AX066,一回路泵主法兰温度监测1
BY01AX067,一回路泵主法兰温度监测2
BY01AX068,一回路流量计温度监测1
BY01AX069,一回路流量计温度监测2
BY01AX070,一回路泵罐下封头温度监测1
BY01AX071,一回路泵罐下封头温度监测2
BY01AX072,一回路泵罐下封头温度监测3
BY01AX073,一回路泵罐下封头温度监测4
BY01AX074,一回路泵罐下封头温度监测5
BY01AX075,一回路泵罐下封头温度监测6
BY01AX076,一回路泵罐上封头温度监测1
BY01AX077,一回路泵罐上封头温度监测2
BY01AX078,一回路泵罐上封头温度监测3
BY01AX079,一回路泵罐上封头温度监测4
BY01AX080,一回路泵罐内插1
BY01AX081,一回路泵罐内插2
BY01AX082,一回路泵罐内插3
BY01AX083,一回路泵罐内插4
BY01AX084,泵保温层外壁温度1
BY01AX085,泵保温层外壁温度2
BY01AX086,一回路TAM1-3保温层外壁温度9
BY01AX087,一回路管道差压测量dP4
BY01AX088,一回路管道差压测量dP5
BY01AX089,一回路管道'压力测量P1
BY01AX090,一回路管道压力测量P2
BY01AX091,一回路管道熔盐流量F1
BY01AX092,双熔盐换热器加热1目标温度
BY01AX093,双熔盐换热器加热1保护温度
BY01AX094,双熔盐换热器加热1功率设定反馈值
BY01AX095,双熔盐换热器加热2目标温度
BY01AX096,双熔盐换热器加热2保护温度
BY01AX097,双熔盐换热器加热3目标温度
BY01AX098,双熔盐换热器加热3保护温度
BY01AX099,反应堆出口熔盐流量
BY01AX100,一回路冷冻阀01露点温度检测01
BY01AX101,一回路冷冻阀01露点温度检测02
BY01AX102,一回路冷冻阀01露点温度检测03
BY01AX103,一回路冷冻阀01露点温度检测04
BY01AX104,一回路冷冻阀01露点温度检测05
BY01AX105,一回路冷冻阀01露点温度检测06
BY01AX106,备用
BY01AX107,备用
BY01AX108,备用
BY01AX109,备用
BY01AX110,备用
BY01AX111,备用
BY01AX112,备用
BY01AX113,备用
BY01AX114,备用
BY01AX115,备用
BY01AX116,备用
BY01AX117,备用
BY01AX118,备用
BY01AX119,备用
BY01AX120,备用
BY01AX121,备用
BY01AX122,备用
BY01AX123,备用
BY01AX124,备用
BY01AX125,备用
BY01AX126,备用
BY01AX127,备用
BY01AX128,备用
BY01AX129,备用
BY01AX130,备用
BY01AX131,备用
BY01AX132,备用
BY01AX133,备用
BY01AX134,备用
BY01AX135,备用
BY01AX136,备用
BY01AX137,备用
BY01AX138,备用
BY01AX139,备用
BY01AX140,备用
BY01AX141,备用
BY01AX142,备用
BY01AX143,备用
BY01AX144,备用
BY01AX145,备用
BY01AX146,备用
BY01AX147,备用
BY01AX148,备用
BY01AX149,备用
BY01AX150,备用
BY01AX151,备用
BY01AX152,备用
BY01AX153,备用
BY01AX154,备用
BY01AX155,备用
BY01AX156,备用
BY01AX157,备用
BY01AX158,备用
BY01AX159,备用
BY01AX160,备用
BY01AX161,备用
BY01AX162,备用
BY01AX163,备用
BY01AX164,备用
BY01AX165,备用
BY01AX166,备用
BY01AX167,备用
BY01AX168,备用
BY01AX169,备用
BY01AX170,备用
BY01AX171,备用
BY01AX172,备用
BY01AX173,备用
BY01AX174,备用
BY01AX175,备用
BY01AX176,备用
BY01AX177,备用
BY01AX178,备用
BY01AX179,备用
BY01AX180,备用
BY01AX181,备用
BY01AX182,备用
BY01AX183,备用
BY01AX184,备用
BY01AX185,备用
BY01AX186,备用
BY01AX187,备用
BY01AX188,备用
BY01AX189,备用
BY01AX190,备用
BY01AX191,备用
BY01AX192,备用
BY01AX193,备用
BY01AX194,备用
BY01AX195,备用
BY01AX196,备用
BY01AX197,备用
BY01AX198,备用
BY01AX199,备用
BY01AX200,备用
BY01AX201,备用
BY01AX202,备用
BY01AX203,备用
BY01AX204,备用
BY01AX205,备用
BY01AX206,备用
BY01AX207,备用
BY01AX208,备用
BY01AX209,备用
BY01AX210,备用
BY01AX211,备用
BY01AX212,备用
BY01AX213,备用
BY01AX214,备用
BY01AX215,备用
BY01AX216,备用
BY01AX217,备用
BY01AX218,备用
BY01AX219,备用
BY01AX220,备用
BY01AX221,备用
BY01AX222,备用
BY01AX223,备用
BY01AX224,备用
BY01AX225,备用
BY01AX226,备用
BY01AX227,备用
BY01AX228,备用
BY01AX229,备用
BY01AX230,备用
BY01AX231,备用
BY01AX232,备用
BY01AX233,备用
BY01AX234,备用
BY01AX235,备用
BY01AX236,备用
BY01AX237,备用
BY01AX238,备用
BY01AX239,备用
BY01AX240,备用
BY01AX241,备用
BY01AX242,备用
BY01AX243,备用
BY01AX244,备用
BY01AX245,备用
BY01AX246,备用
BY01AX247,备用
BY01AX248,备用
BY01AX249,备用
BY01AX250,备用
BY01AX251,备用
BY01AX252,备用
BY01AX253,备用
BY01AX254,备用
BY01AX255,备用
BY01AX256,备用
BY01AX257,备用
BY01AX258,备用
BY01AX259,备用
BY01AX260,备用
BY01AX261,备用
BY01AX262,备用
BY01AX263,备用
BY01AX264,备用
BY01AX265,备用
BY01AX266,备用
BY01AX267,备用
BY01AX268,备用
BY01AX269,备用
BY01AX270,备用
BY01AX271,备用
BY01AX272,备用
BY01AX273,备用
BY01AX274,备用
BY01AX275,备用
BY01AX276,备用
BY01AX277,备用
BY01AX278,备用
BY01AX279,备用
BY01AX280,备用
BY01AX281,备用
BY01AX282,备用
BY01AX283,备用
BY01AX284,备用
BY01AX285,备用
BY01AX286,备用
BY01AX287,备用
BY01AX288,备用
BY01AX289,备用
BY01AX290,备用
BY01AX291,备用
BY01AX292,备用
BY01AX293,备用
BY01AX294,备用
BY01AX295,备用
BY01AX296,备用
BY01AX297,备用
BY01AX298,备用
BY01AX299,备用
BY01AX300,备用
BY02AX001,反应堆出口温度
BY02AX002,一回路储罐内插温度01
BY02AX003,一回路储罐内插温度02
BY02AX004,一回路储罐内插温度03
BY02AX005,一回路储罐内插温度04
BY02AX006,一回路冷冻阀02露点温度检测01
BY02AX007,一回路冷冻阀02露点温度检测02
BY02AX008,一回路冷冻阀02露点温度检测03
BY02AX009,一回路冷冻阀02露点温度检测04
BY02AX010,一回路冷冻阀02露点温度检测05
BY02AX011,一回路冷冻阀02露点温度检测06
BY02AX012,一回路冷冻阀03露点温度检测01
BY02AX013,一回路冷冻阀03露点温度检测02
BY02AX014,一回路储罐伴热01目标温度
BY02AX015,一回路储罐伴热01保护温度
BY02AX016,一回路储罐伴热01功率设定反馈值
BY02AX017,一回路储罐伴热02目标温度
BY02AX018,一回路储罐伴热02保护温度
BY02AX019,一回路储罐伴热02功率设定反馈值
BY02AX020,一回路储罐伴热03目标温度
BY02AX021,一回路储罐伴热03保护温度
BY02AX022,一回路储罐伴热03功率设定反馈值
BY02AX023,一回路泵罐加热01目标温度
BY02AX024,一回路泵罐加热01保护温度
BY02AX025,一回路泵罐加热01功率设定反馈值
BY02AX026,一回路泵罐加热02目标温度
BY02AX027,一回路泵罐加热02保护温度
BY02AX028,一回路泵罐加热02功率设定反馈值
BY02AX029,一回路泵罐加热03目标温度
BY02AX030,一回路泵罐加热03保护温度
BY02AX031,一回路泵罐加热03功率设定反馈值
BY02AX032,一回路加载管道伴热PL1-8目标温度
BY02AX033,一回路加载管道伴热PL1-8保护温度
BY02AX034,一回路加载管道伴热PL1-8功率设定反馈值
BY02AX035,一回路加载管道伴热PL1-9目标温度
BY02AX036,一回路加载管道伴热PL1-9保护温度
BY02AX037,一回路加载管道伴热PL1-9功率设定反馈值
BY02AX038,一回路加载管道伴热PL1-10目标温度
BY02AX039,一回路加载管道伴热PL1-10保护温度
BY02AX040,一回路加载管道伴热PL1-10功率设定反馈值
BY02AX041,一回路加载管道伴热PL1-11目标温度
BY02AX042,一回路加载管道伴热PL1-11保护温度
BY02AX043,一回路加载管道伴热PL1-11功率设定反馈值
BY02AX044,一回路加载管道伴热PL1-12目标温度
BY02AX045,一回路加载管道伴热PL1-12保护温度
BY02AX046,一回路加载管道伴热PL1-12功率设定反馈值
BY02AX047,一回路加载管道伴热PL1-13目标温度
BY02AX048,一回路加载管道伴热PL1-13保护温度
BY02AX049,一回路加载管道伴热PL1-13功率设定反馈值
BY02AX050,一回路加载管道伴热PL1-14目标温度
BY02AX051,一回路加载管道伴热PL1-14保护温度
BY02AX052,一回路加载管道伴热PL1-14功率设定反馈值
BY02AX053,一回路加载管道伴热PL1-15目标温度
BY02AX054,一回路加载管道伴热PL1-15保护温度
BY02AX055,一回路加载管道伴热PL1-15功率设定反馈值
BY02AX056,一回路加载管道伴热PL1-16目标温度
BY02AX057,一回路加载管道伴热PL1-16保护温度
BY02AX058,一回路加载管道伴热PL1-16功率设定反馈值
BY02AX059,一回路加载管道伴热PL1-17目标温度
BY02AX060,一回路加载管道伴热PL1-17保护温度
BY02AX061,一回路加载管道伴热PL1-17功率设定反馈值
BY02AX062,一回路加载管道伴热PL1-18目标温度
BY02AX063,一回路加载管道伴热PL1-18保护温度
BY02AX064,一回路加载管道伴热PL1-18功率设定反馈值
BY02AX065,一回路加载管道伴热PL1-19目标温度
BY02AX066,一回路加载管道伴热PL1-19保护温度
BY02AX067,一回路加载管道伴热PL1-19功率设定反馈值
BY02AX068,一回路加载管道伴热PL1-20目标温度
BY02AX069,一回路加载管道伴热PL1-20保护温度
BY02AX070,一回路加载管道伴热PL1-20功率设定反馈值
BY02AX071,一回路加载管道伴热PL1-21目标温度
BY02AX072,一回路加载管道伴热PL1-21保护温度
BY02AX073,一回路加载管道伴热PL1-21功率设定反馈值
BY02AX074,一回路加载管道伴热PL1-22目标温度
BY02AX075,一回路加载管道伴热PL1-22保护温度
BY02AX076,一回路加载管道伴热PL1-22功率设定反馈值
BY02AX077,一回路加载管道伴热PL1-23目标温度
BY02AX078,一回路加载管道伴热PL1-23保护温度
BY02AX079,一回路加载管道伴热PL1-23功率设定反馈值
BY02AX080,一回路加载管道伴热PL1-24目标温度
BY02AX081,一回路加载管道伴热PL1-24保护温度
BY02AX082,一回路加载管道伴热PL1-24功率设定反馈值
BY02AX083,一回路加载管道伴热PL1-25目标温度
BY02AX084,一回路加载管道伴热PL1-25保护温度
BY02AX085, 一回路加载管道伴热PL1-25功率设定反馈值 
BY02AX086,一回路冷冻阀03露点温度检测03
BY02AX087,一回路冷冻阀03露点温度检测04
BY02AX088,一回路冷冻阀03露点温度检测05
BY02AX089,一回路冷冻阀03露点温度检测06
BY02AX090,一回路储罐液位计液位
BY02AX091,备用
BY02AX092,备用
BY02AX093,备用
BY02AX094,备用
BY02AX095,备用
BY02AX096,备用
BY02AX097,备用
BY02AX098,备用
BY02AX099,备用
BY02AX100,备用
BY02AX101,备用
BY02AX102,备用
BY02AX103,备用
BY02AX104,备用
BY02AX105,备用
BY02AX106,备用
BY02AX107,备用
BY02AX108,备用
BY02AX109,备用
BY02AX110,备用
BY02AX111,备用
BY02AX112,备用
BY02AX113,备用
BY02AX114,备用
BY02AX115,备用
BY02AX116,备用
BY02AX117,备用
BY02AX118,备用
BY02AX119,备用
BY02AX120,备用
BY02AX121,备用
BY02AX122,备用
BY02AX123,备用
BY02AX124,备用
BY02AX125,备用
BY02AX126,备用
BY02AX127,备用
BY02AX128,备用
BY02AX129,备用
BY02AX130,备用
BY02AX131,备用
BY02AX132,备用
BY02AX133,备用
BY02AX134,备用
BY02AX135,备用
BY02AX136,备用
BY02AX137,备用
BY02AX138,备用
BY02AX139,备用
BY02AX140,备用
BY02AX141,备用
BY02AX142,备用
BY02AX143,备用
BY02AX144,备用
BY02AX145,备用
BY02AX146,备用
BY02AX147,备用
BY02AX148,备用
BY02AX149,备用
BY02AX150,备用
BY02AX151,备用
BY02AX152,备用
BY02AX153,备用
BY02AX154,备用
BY02AX155,备用
BY02AX156,备用
BY02AX157,备用
BY02AX158,备用
BY02AX159,备用
BY02AX160,备用
BY02AX161,备用
BY02AX162,备用
BY02AX163,备用
BY02AX164,备用
BY02AX165,备用
BY02AX166,备用
BY02AX167,备用
BY02AX168,备用
BY02AX169,备用
BY02AX170,备用
BY02AX171,备用
BY02AX172,备用
BY02AX173,备用
BY02AX174,备用
BY02AX175,备用
BY02AX176,备用
BY02AX177,备用
BY02AX178,备用
BY02AX179,备用
BY02AX180,备用
BY02AX181,备用
BY02AX182,备用
BY02AX183,备用
BY02AX184,备用
BY02AX185,备用
BY02AX186,备用
BY02AX187,备用
BY02AX188,备用
BY02AX189,备用
BY02AX190,备用
BY02AX191,备用
BY02AX192,备用
BY02AX193,备用
BY02AX194,备用
BY02AX195,备用
BY02AX196,备用
BY02AX197,备用
BY02AX198,备用
BY02AX199,备用
BY02AX200,备用
BY02AX201,备用
BY02AX202,备用
BY02AX203,备用
BY02AX204,备用
BY02AX205,备用
BY02AX206,备用
BY02AX207,备用
BY02AX208,备用
BY02AX209,备用
BY02AX210,备用
BY02AX211,备用
BY02AX212,备用
BY02AX213,备用
BY02AX214,备用
BY02AX215,备用
BY02AX216,备用
BY02AX217,备用
BY02AX218,备用
BY02AX219,备用
BY02AX220,备用
BY02AX221,备用
BY02AX222,备用
BY02AX223,备用
BY02AX224,备用
BY02AX225,备用
BY02AX226,备用
BY02AX227,备用
BY02AX228,备用
BY02AX229,备用
BY02AX230,备用
BY02AX231,备用
BY02AX232,备用
BY02AX233,备用
BY02AX234,备用
BY02AX235,备用
BY02AX236,备用
BY02AX237,备用
BY02AX238,备用
BY02AX239,备用
BY02AX240,备用
BY02AX241,备用
BY02AX242,备用
BY02AX243,备用
BY02AX244,备用
BY02AX245,备用
BY02AX246,备用
BY02AX247,备用
BY02AX248,备用
BY02AX249,备用
BY02AX250,备用
BY02AX251,备用
BY02AX252,备用
BY02AX253,备用
BY02AX254,备用
BY02AX255,备用
BY02AX256,备用
BY02AX257,备用
BY02AX258,备用
BY02AX259,备用
BY02AX260,备用
BY02AX261,备用
BY02AX262,备用
BY02AX263,备用
BY02AX264,备用
BY02AX265,备用
BY02AX266,备用
BY02AX267,备用
BY02AX268,备用
BY02AX269,备用
BY02AX270,备用
BY02AX271,备用
BY02AX272,备用
BY02AX273,备用
BY02AX274,备用
BY02AX275,备用
BY02AX276,备用
BY02AX277,备用
BY02AX278,备用
BY02AX279,备用
BY02AX280,备用
BY02AX281,备用
BY02AX282,备用
BY02AX283,备用
BY02AX284,备用
BY02AX285,备用
BY02AX286,备用
BY02AX287,备用
BY02AX288,备用
BY02AX289,备用
BY02AX290,备用
BY02AX291,备用
BY02AX292,备用
BY02AX293,备用
BY02AX294,备用
BY02AX295,备用
BY02AX296,备用
BY02AX297,备用
BY02AX298,备用
BY02AX299,备用
BY02AX300,备用
BY03AX001,PM2-1目标温度
BY03AX002,PM2-1保护温度
BY03AX003,PM2-1功率设定反馈值
BY03AX004,PM2-2目标温度
BY03AX005,PM2-2保护温度
BY03AX006,PM2-2功率设定反馈值
BY03AX007,PM2-3目标温度
BY03AX008,PM2-3保护温度
BY03AX009,PM2-3功率设定反馈值
BY03AX010,PM2-4目标温度
BY03AX011,PM2-4保护温度
BY03AX012,PM2-4功率设定反馈值
BY03AX013,PM2-5目标温度
BY03AX014,PM2-5保护温度
BY03AX015,PM2-5功率设定反馈值
BY03AX016,PM2-6目标温度
BY03AX017,PM2-6保护温度
BY03AX018,PM2-6功率设定反馈值
BY03AX019,PM2-7目标温度
BY03AX020,PM2-7保护温度
BY03AX021,PM2-7功率设定反馈值
BY03AX022,PM2-8目标温度
BY03AX023,PM2-8保护温度
BY03AX024,PM2-8功率设定反馈值
BY03AX025,PM2-9目标温度
BY03AX026,PM2-9保护温度
BY03AX027,PM2-9功率设定反馈值
BY03AX028,PM2-10目标温度
BY03AX029,PM2-10保护温度
BY03AX030,PM2-10功率设定反馈值
BY03AX031,PM2-11目标温度
BY03AX032,PM2-11保护温度
BY03AX033,PM2-11功率设定反馈值
BY03AX034,PM2-12目标温度
BY03AX035,PM2-12保护温度
BY03AX036,PM2-12功率设定反馈值
BY03AX037,PM2-13目标温度
BY03AX038,PM2-13保护温度
BY03AX039,PM2-13功率设定反馈值
BY03AX040,PM2-14目标温度
BY03AX041,PM2-14保护温度
BY03AX042,PM2-14功率设定反馈值
BY03AX043,PM2-15目标温度
BY03AX044,PM2-15保护温度
BY03AX045,PM2-15功率设定反馈值
BY03AX046,PM2-16目标温度
BY03AX047,PM2-16保护温度
BY03AX048,PM2-16功率设定反馈值
BY03AX049,排气塔出口空气温度K(10CMCCT1013)
BY03AX050,排气塔出口空气温度K(10CMCCT1014)
BY03AX051,排气塔出口空气温度K(10CMCCT1015)
BY03AX052,排气塔出口空气温度K(10CMCCT1013)内插温度
BY03AX053,管道保温层壁面温度10
BY03AX054,E21m高度内插温度温度监测
BY03AX055,E19m高度保温棉内壁温度温度监测
BY03AX056,E19m高度保温棉外壁温度温度监测
BY03AX057,E14m高度保温棉内壁温度温度监测
BY03AX058,E14m高度保温棉外壁温度温度监测
BY03AX059,W21m高度内插温度温度监测
BY03AX060,W19m高度保温棉内贴壁温度温度监测
BY03AX061,W19m高度保温棉外贴壁温度温度监测
BY03AX062,W14m高度保温棉内壁温度温度监测
BY03AX063,W14m高度保温棉外壁温度温度监测
BY03AX064,E7465出风管保温层外壁温度温度监测
BY03AX065,E6000出风管出口空气温度（内插）温度监测
BY03AX066,E10690进风口空气温度（内插）温度监测
BY03AX067,W7465出风管保温层外壁温度温度监测
BY03AX068,W6000出风管出口空气温度（内插）温度监测
BY03AX069,W10690进风口空气温度（内插）温度监测
BY03AX070,E9780出风管保温层外壁温度
BY03AX071,W9780出风管保温层外壁温度
BY03AX072,出口管风阀A东14米高开度反馈
BY03AX073,出口管风阀B西14米高开度反馈
BY03AX074,进口管风阀东A开度反馈
BY03AX075,进口管风阀西B开度反馈
BY03AX076,风机接入管路压差△P1（新增）压差
BY03AX077,风机接入管路压差△P2（新增）压差
BY03AX078,风机接入管路压力P1（新增）压力
BY03AX079,余排风机（新增）频率反馈
BY03AX080,E余排装置进风口到出风口空气压差A空气差压计
BY03AX081,W余排装置进风口到出风口空气压差B空气差压计
BY03AX082,E13m高度空气质量流量计出口流量
BY03AX083,W13m高度空气质量流量计出口流量
BY03AX084,E余排换热装置进口空气流量A1进口流量
BY03AX085,W余排换热装置进口空气流量B1进口流量
BY03AX086,备用
BY03AX087,备用
BY03AX088,备用
BY03AX089,备用
BY03AX090,备用
BY03AX091,备用
BY03AX092,备用
BY03AX093,备用
BY03AX094,备用
BY03AX095,备用
BY03AX096,备用
BY03AX097,备用
BY03AX098,备用
BY03AX099,备用
BY03AX100,备用
BY03AX101,备用
BY03AX102,备用
BY03AX103,备用
BY03AX104,备用
BY03AX105,备用
BY03AX106,备用
BY03AX107,备用
BY03AX108,备用
BY03AX109,备用
BY03AX110,备用
BY03AX111,备用
BY03AX112,备用
BY03AX113,备用
BY03AX114,备用
BY03AX115,备用
BY03AX116,备用
BY03AX117,备用
BY03AX118,备用
BY03AX119,备用
BY03AX120,备用
BY03AX121,备用
BY03AX122,备用
BY03AX123,备用
BY03AX124,备用
BY03AX125,备用
BY03AX126,备用
BY03AX127,备用
BY03AX128,备用
BY03AX129,备用
BY03AX130,备用
BY03AX131,备用
BY03AX132,备用
BY03AX133,备用
BY03AX134,备用
BY03AX135,备用
BY03AX136,备用
BY03AX137,备用
BY03AX138,备用
BY03AX139,备用
BY03AX140,备用
BY03AX141,备用
BY03AX142,备用
BY03AX143,备用
BY03AX144,备用
BY03AX145,备用
BY03AX146,备用
BY03AX147,备用
BY03AX148,备用
BY03AX149,备用
BY03AX150,备用
BY03AX151,备用
BY03AX152,备用
BY03AX153,备用
BY03AX154,备用
BY03AX155,备用
BY03AX156,备用
BY03AX157,备用
BY03AX158,备用
BY03AX159,备用
BY03AX160,备用
BY03AX161,备用
BY03AX162,备用
BY03AX163,备用
BY03AX164,备用
BY03AX165,备用
BY03AX166,备用
BY03AX167,备用
BY03AX168,备用
BY03AX169,备用
BY03AX170,备用
BY03AX171,备用
BY03AX172,备用
BY03AX173,备用
BY03AX174,备用
BY03AX175,备用
BY03AX176,备用
BY03AX177,备用
BY03AX178,备用
BY03AX179,备用
BY03AX180,备用
BY03AX181,备用
BY03AX182,备用
BY03AX183,备用
BY03AX184,备用
BY03AX185,备用
BY03AX186,备用
BY03AX187,备用
BY03AX188,备用
BY03AX189,备用
BY03AX190,备用
BY03AX191,备用
BY03AX192,备用
BY03AX193,备用
BY03AX194,备用
BY03AX195,备用
BY03AX196,备用
BY03AX197,备用
BY03AX198,备用
BY03AX199,备用
BY03AX200,备用
BY03AX201,备用
BY03AX202,备用
BY03AX203,备用
BY03AX204,备用
BY03AX205,备用
BY03AX206,备用
BY03AX207,备用
BY03AX208,备用
BY03AX209,备用
BY03AX210,备用
BY03AX211,备用
BY03AX212,备用
BY03AX213,备用
BY03AX214,备用
BY03AX215,备用
BY03AX216,备用
BY03AX217,备用
BY03AX218,备用
BY03AX219,备用
BY03AX220,备用
BY03AX221,备用
BY03AX222,备用
BY03AX223,备用
BY03AX224,备用
BY03AX225,备用
BY03AX226,备用
BY03AX227,备用
BY03AX228,备用
BY03AX229,备用
BY03AX230,备用
BY03AX231,备用
BY03AX232,备用
BY03AX233,备用
BY03AX234,备用
BY03AX235,备用
BY03AX236,备用
BY03AX237,备用
BY03AX238,备用
BY03AX239,备用
BY03AX240,备用
BY03AX241,备用
BY03AX242,备用
BY03AX243,备用
BY03AX244,备用
BY03AX245,备用
BY03AX246,备用
BY03AX247,备用
BY03AX248,备用
BY03AX249,备用
BY03AX250,备用
BY03AX251,备用
BY03AX252,备用
BY03AX253,备用
BY03AX254,备用
BY03AX255,备用
BY03AX256,备用
BY03AX257,备用
BY03AX258,备用
BY03AX259,备用
BY03AX260,备用
BY03AX261,备用
BY03AX262,备用
BY03AX263,备用
BY03AX264,备用
BY03AX265,备用
BY03AX266,备用
BY03AX267,备用
BY03AX268,备用
BY03AX269,备用
BY03AX270,备用
BY03AX271,备用
BY03AX272,备用
BY03AX273,备用
BY03AX274,备用
BY03AX275,备用
BY03AX276,备用
BY03AX277,备用
BY03AX278,备用
BY03AX279,备用
BY03AX280,备用
BY03AX281,备用
BY03AX282,备用
BY03AX283,备用
BY03AX284,备用
BY03AX285,备用
BY03AX286,备用
BY03AX287,备用
BY03AX288,备用
BY03AX289,备用
BY03AX290,备用
BY03AX291,备用
BY03AX292,备用
BY03AX293,备用
BY03AX294,备用
BY03AX295,备用
BY03AX296,备用
BY03AX297,备用
BY03AX298,备用
BY03AX299,备用
BY03AX300,备用
BY04AX001,PM2-17目标温度
BY04AX002,PM2-17保护温度
BY04AX003,PM2-17功率设定反馈值
BY04AX004,PM2-18目标温度
BY04AX005,PM2-18保护温度
BY04AX006,PM2-18功率设定反馈值
BY04AX007,PM1-14目标温度
BY04AX008,PM1-14保护温度
BY04AX009,PM1-14功率设定反馈值
BY04AX010,PL2-1目标温度
BY04AX011,PL2-1保护温度
BY04AX012,PL2-1功率设定反馈值
BY04AX013,PL2-2目标温度
BY04AX014,PL2-2保护温度
BY04AX015,PL2-2功率设定反馈值
BY04AX016,PL2-3目标温度
BY04AX017,PL2-3保护温度
BY04AX018,PL2-3功率设定反馈值
BY04AX019,PL2-4目标温度
BY04AX020,PL2-4保护温度
BY04AX021,PL2-4功率设定反馈值
BY04AX022,PL2-5目标温度
BY04AX023,PL2-5保护温度
BY04AX024,PL2-5功率设定反馈值
BY04AX025,PL2-6目标温度
BY04AX026,PL2-6保护温度
BY04AX027,PL2-6功率设定反馈值
BY04AX028,PL2-7目标温度
BY04AX029,PL2-7保护温度
BY04AX030,PL2-7功率设定反馈值
BY04AX031,一回路泵气管伴热PG-1目标温度
BY04AX032,一回路泵气管伴热PG-1保护温度
BY04AX033,一回路泵气管伴热功率PG-1设定反馈值
BY04AX034,二回路泵气管伴热PG-2目标温度
BY04AX035,二回路泵气管伴热PG-2保护温度
BY04AX036,二回路泵气管伴热PG-2功率设定反馈值
BY04AX037,一回路流量计伴热LW-1目标温度
BY04AX038,一回路流量计伴热LW-1保护温度
BY04AX039,一回路流量计伴热LW-1功率设定反馈值
BY04AX040,二回路流量计伴热LW-2目标温度
BY04AX041,二回路流量计伴热LW-2保护温度
BY04AX042,二回路流量计伴热LW-2功率设定反馈值
BY04AX043,二回路储罐伴热01目标温度
BY04AX044,二回路储罐伴热01保护温度
BY04AX045,二回路储罐伴热01功率设定反馈值
BY04AX046,二回路储罐伴热02目标温度
BY04AX047,二回路储罐伴热02保护温度
BY04AX048,二回路储罐伴热02功率设定反馈值
BY04AX049,二回路储罐伴热03目标温度
BY04AX050,二回路储罐伴热03保护温度
BY04AX051,二回路储罐伴热03功率设定反馈值
BY04AX052,二回路泵罐伴热01目标温度
BY04AX053,二回路泵罐伴热01保护温度
BY04AX054,二回路泵罐伴热01功率设定反馈值
BY04AX055,二回路泵罐伴热02目标温度
BY04AX056,二回路泵罐伴热02保护温度
BY04AX057,二回路泵罐伴热02功率设定反馈值
BY04AX058,二回路泵罐伴热03目标温度
BY04AX059,二回路泵罐伴热03保护温度
BY04AX060,二回路泵罐伴热03功率设定反馈值
BY04AX061,备用
BY04AX062,备用
BY04AX063,备用
BY04AX064,二回路储罐内插温度监测1
BY04AX065,二回路储罐内插温度监测2
BY04AX066,二回路储罐内插温度监测3
BY04AX067,二回路储罐内插温度监测4
BY04AX068,二回路泵罐主法兰温度监测01（PT207）
BY04AX069,二回路泵罐主法兰温度监测02（PT209）
BY04AX070,二回路泵罐主法兰温度监测03（PT208）
BY04AX071,二回路流量计温度监测1
BY04AX072,二回路泵罐下封头温度1（PT201）
BY04AX073,二回路泵罐下封头温度2（PT215）
BY04AX074,二回路泵罐下封头温度3（PT202）
BY04AX075,二回路泵罐下封头温度4（PT216）
BY04AX076,二回路泵罐下封头温度5（PT217）
BY04AX077,二回路泵罐下封头温度6（PT218）
BY04AX078,二回路泵罐上封头温度1（PT204）
BY04AX079,二回路泵罐上封头温度2（PT205）
BY04AX080,二回路泵罐上封头温度3（PT212）
BY04AX081,二回路泵罐上封头温度4（PT213）
BY04AX082,二回路泵罐内插温度监测1（PST201）
BY04AX083,二回路泵罐内插温度监测2（PST202）
BY04AX084,二回路泵罐内插温度监测3（PST203）
BY04AX085,二回路泵罐内插温度监测4（PST204）
BY04AX086,二回路冷冻阀04露点热电偶监测露点温度检测01
BY04AX087,露点温度检测02
BY04AX088,露点温度检测03
BY04AX089,露点温度检测04
BY04AX090,露点温度检测05
BY04AX091,露点温度检测06
BY04AX092,二回路流量计温度监测2
BY04AX093,熔盐入口贯穿件温度1
BY04AX094,熔盐入口贯穿件温度2
BY04AX095,熔盐出口贯穿件温度3
BY04AX096,熔盐出口贯穿件温度4
BY04AX097,熔盐注入口贯穿件温度5
BY04AX098,熔盐注入口贯穿件温度6
BY04AX099,二回路储罐液位计液位
BY04AX100,备用
BY04AX101,备用
BY04AX102,备用
BY04AX103,备用
BY04AX104,备用
BY04AX105,备用
BY04AX106,备用
BY04AX107,备用
BY04AX108,备用
BY04AX109,备用
BY04AX110,备用
BY04AX111,备用
BY04AX112,备用
BY04AX113,备用
BY04AX114,备用
BY04AX115,备用
BY04AX116,备用
BY04AX117,备用
BY04AX118,备用
BY04AX119,备用
BY04AX120,备用
BY04AX121,备用
BY04AX122,备用
BY04AX123,备用
BY04AX124,备用
BY04AX125,备用
BY04AX126,备用
BY04AX127,备用
BY04AX128,备用
BY04AX129,备用
BY04AX130,备用
BY04AX131,备用
BY04AX132,备用
BY04AX133,备用
BY04AX134,备用
BY04AX135,备用
BY04AX136,备用
BY04AX137,备用
BY04AX138,备用
BY04AX139,备用
BY04AX140,备用
BY04AX141,备用
BY04AX142,备用
BY04AX143,备用
BY04AX144,备用
BY04AX145,备用
BY04AX146,备用
BY04AX147,备用
BY04AX148,备用
BY04AX149,备用
BY04AX150,备用
BY04AX151,备用
BY04AX152,备用
BY04AX153,备用
BY04AX154,备用
BY04AX155,备用
BY04AX156,备用
BY04AX157,备用
BY04AX158,备用
BY04AX159,备用
BY04AX160,备用
BY04AX161,备用
BY04AX162,备用
BY04AX163,备用
BY04AX164,备用
BY04AX165,备用
BY04AX166,备用
BY04AX167,备用
BY04AX168,备用
BY04AX169,备用
BY04AX170,备用
BY04AX171,备用
BY04AX172,备用
BY04AX173,备用
BY04AX174,备用
BY04AX175,备用
BY04AX176,备用
BY04AX177,备用
BY04AX178,备用
BY04AX179,备用
BY04AX180,备用
BY04AX181,备用
BY04AX182,备用
BY04AX183,备用
BY04AX184,备用
BY04AX185,备用
BY04AX186,备用
BY04AX187,备用
BY04AX188,备用
BY04AX189,备用
BY04AX190,备用
BY04AX191,备用
BY04AX192,备用
BY04AX193,备用
BY04AX194,备用
BY04AX195,备用
BY04AX196,备用
BY04AX197,备用
BY04AX198,备用
BY04AX199,备用
BY04AX200,备用
BY04AX201,备用
BY04AX202,备用
BY04AX203,备用
BY04AX204,备用
BY04AX205,备用
BY04AX206,备用
BY04AX207,备用
BY04AX208,备用
BY04AX209,备用
BY04AX210,备用
BY04AX211,备用
BY04AX212,备用
BY04AX213,备用
BY04AX214,备用
BY04AX215,备用
BY04AX216,备用
BY04AX217,备用
BY04AX218,备用
BY04AX219,备用
BY04AX220,备用
BY04AX221,备用
BY04AX222,备用
BY04AX223,备用
BY04AX224,备用
BY04AX225,备用
BY04AX226,备用
BY04AX227,备用
BY04AX228,备用
BY04AX229,备用
BY04AX230,备用
BY04AX231,备用
BY04AX232,备用
BY04AX233,备用
BY04AX234,备用
BY04AX235,备用
BY04AX236,备用
BY04AX237,备用
BY04AX238,备用
BY04AX239,备用
BY04AX240,备用
BY04AX241,备用
BY04AX242,备用
BY04AX243,备用
BY04AX244,备用
BY04AX245,备用
BY04AX246,备用
BY04AX247,备用
BY04AX248,备用
BY04AX249,备用
BY04AX250,备用
BY04AX251,备用
BY04AX252,备用
BY04AX253,备用
BY04AX254,备用
BY04AX255,备用
BY04AX256,备用
BY04AX257,备用
BY04AX258,备用
BY04AX259,备用
BY04AX260,备用
BY04AX261,备用
BY04AX262,备用
BY04AX263,备用
BY04AX264,备用
BY04AX265,备用
BY04AX266,备用
BY04AX267,备用
BY04AX268,备用
BY04AX269,备用
BY04AX270,备用
BY04AX271,备用
BY04AX272,备用
BY04AX273,备用
BY04AX274,备用
BY04AX275,备用
BY04AX276,备用
BY04AX277,备用
BY04AX278,备用
BY04AX279,备用
BY04AX280,备用
BY04AX281,备用
BY04AX282,备用
BY04AX283,备用
BY04AX284,备用
BY04AX285,备用
BY04AX286,备用
BY04AX287,备用
BY04AX288,备用
BY04AX289,备用
BY04AX290,备用
BY04AX291,备用
BY04AX292,备用
BY04AX293,备用
BY04AX294,备用
BY04AX295,备用
BY04AX296,备用
BY04AX297,备用
BY04AX298,备用
BY04AX299,备用
BY04AX300,备用
BY05AX001,一回路加载管道PL1-26电伴热目标温度反馈
BY05AX002,一回路加载管道PL1-26电伴热保护温度反馈
BY05AX003,一回路加载管道PL1-27电伴热目标温度反馈
BY05AX004,一回路加载管道PL1-27电伴热保护温度反馈
BY05AX005,一回路加载管道PL1-28电伴热目标温度反馈
BY05AX006,一回路加载管道PL1-28电伴热保护温度反馈
BY05AX007,备用
BY05AX008,备用
BY05AX009,备用
BY05AX010,备用
BY05AX011,备用
BY05AX012,备用
BY05AX013,预热炉两端高温阀温度测量1
BY05AX014,预热炉两端高温阀温度测量2
BY05AX015,空冷塔外壁面测温1
BY05AX016,空冷塔外壁面测温2
BY05AX017,空冷塔内壁面测温1
BY05AX018,空冷塔内壁面测温2
BY05AX019,备用
BY05AX020,备用
BY05AX021,备用
BY05AX022,备用
BY05AX023,备用
BY05AX024,备用
BY05AX025,熔盐空气换热器系统出风温度监测
BY05AX026,二回路熔盐泵熔盐进出口压差△P5
BY05AX027,二回路熔盐泵进口冷却剂压力P3
BY05AX028,二回路熔盐泵出口冷却剂压力P4
BY05AX029,熔盐空气换热器进口压力测量
BY05AX030,熔盐空气换热器出口压力测量
BY05AX031,熔盐空气换热器进出口压差测量
BY05AX032,Tm1进风垂直段内插温度
BY05AX033,Tm2进风管道内插温度
BY05AX034,预热炉进口内插温度c温度
BY05AX035,预热炉进口温度内插e温度
BY05AX036,Tx进风管道外贴温度
BY05AX037,Tr换热器南顶侧外贴温度
BY05AX038,Tu换热器顶部中间外贴温度
BY05AX039,Ts换热器东侧面外贴中间外贴温度
BY05AX040,Tt换热器北侧顶侧外贴温度
BY05AX041,预热炉出口温度内插h温度
BY05AX042,预热炉出口温度内插j温度
BY05AX043,Ty出风管道外贴温度
BY05AX044,Tn出风管道内插温度
BY05AX045,Tp1出风管道内插温度
BY05AX046,Tp2出风管道内插温度
BY05AX047,Tz出风管道内插温度
BY05AX048,1#真空机组冷却水流量计1
BY05AX049,1#真空机组冷却水压力计1
BY05AX050,1#真空机组冷却水温度1
BY05AX051,2#真空机组冷却水流量计2
BY05AX052,2#真空机组冷却水压力计2
BY05AX053,2#真空机组冷却水温度2
BY05AX054,备用
BY05AX055,备用
BY05AX056,备用
BY05AX057,备用
BY05AX058,备用
BY05AX059,备用
BY05AX060,备用
BY05AX061,备用
BY05AX062,备用
BY05AX063,备用
BY05AX064,备用
BY05AX065,备用
BY05AX066,备用
BY05AX067,备用
BY05AX068,备用
BY05AX069,备用
BY05AX070,备用
BY05AX071,备用
BY05AX072,备用
BY05AX073,备用
BY05AX074,备用
BY05AX075,备用
BY05AX076,备用
BY05AX077,备用
BY05AX078,备用
BY05AX079,备用
BY05AX080,备用
BY05AX081,备用
BY05AX082,备用
BY05AX083,备用
BY05AX084,备用
BY05AX085,备用
BY05AX086,备用
BY05AX087,备用
BY05AX088,备用
BY05AX089,备用
BY05AX090,备用
BY05AX091,备用
BY05AX092,备用
BY05AX093,备用
BY05AX094,备用
BY05AX095,备用
BY05AX096,备用
BY05AX097,备用
BY05AX098,备用
BY05AX099,备用
BY05AX100,备用
BY05AX101,备用
BY05AX102,备用
BY05AX103,备用
BY05AX104,备用
BY05AX105,备用
BY05AX106,备用
BY05AX107,备用
BY05AX108,备用
BY05AX109,备用
BY05AX110,备用
BY05AX111,备用
BY05AX112,备用
BY05AX113,备用
BY05AX114,备用
BY05AX115,备用
BY05AX116,备用
BY05AX117,备用
BY05AX118,备用
BY05AX119,备用
BY05AX120,备用
BY05AX121,备用
BY05AX122,备用
BY05AX123,备用
BY05AX124,备用
BY05AX125,备用
BY05AX126,备用
BY05AX127,备用
BY05AX128,备用
BY05AX129,备用
BY05AX130,备用
BY05AX131,备用
BY05AX132,备用
BY05AX133,备用
BY05AX134,备用
BY05AX135,备用
BY05AX136,备用
BY05AX137,备用
BY05AX138,备用
BY05AX139,备用
BY05AX140,备用
BY05AX141,备用
BY05AX142,备用
BY05AX143,备用
BY05AX144,备用
BY05AX145,备用
BY05AX146,备用
BY05AX147,备用
BY05AX148,备用
BY05AX149,备用
BY05AX150,备用
BY05AX151,备用
BY05AX152,备用
BY05AX153,备用
BY05AX154,备用
BY05AX155,备用
BY05AX156,备用
BY05AX157,备用
BY05AX158,备用
BY05AX159,备用
BY05AX160,备用
BY05AX161,备用
BY05AX162,备用
BY05AX163,备用
BY05AX164,备用
BY05AX165,备用
BY05AX166,备用
BY05AX167,备用
BY05AX168,备用
BY05AX169,备用
BY05AX170,备用
BY05AX171,备用
BY05AX172,备用
BY05AX173,备用
BY05AX174,备用
BY05AX175,备用
BY05AX176,备用
BY05AX177,备用
BY05AX178,备用
BY05AX179,备用
BY05AX180,备用
BY05AX181,备用
BY05AX182,备用
BY05AX183,备用
BY05AX184,备用
BY05AX185,备用
BY05AX186,备用
BY05AX187,备用
BY05AX188,备用
BY05AX189,备用
BY05AX190,备用
BY05AX191,备用
BY05AX192,备用
BY05AX193,备用
BY05AX194,备用
BY05AX195,备用
BY05AX196,备用
BY05AX197,备用
BY05AX198,备用
BY05AX199,备用
BY05AX200,备用
BY05AX201,备用
BY05AX202,备用
BY05AX203,备用
BY05AX204,备用
BY05AX205,备用
BY05AX206,备用
BY05AX207,备用
BY05AX208,备用
BY05AX209,备用
BY05AX210,备用
BY05AX211,备用
BY05AX212,备用
BY05AX213,备用
BY05AX214,备用
BY05AX215,备用
BY05AX216,备用
BY05AX217,备用
BY05AX218,备用
BY05AX219,备用
BY05AX220,备用
BY05AX221,备用
BY05AX222,备用
BY05AX223,备用
BY05AX224,备用
BY05AX225,备用
BY05AX226,备用
BY05AX227,备用
BY05AX228,备用
BY05AX229,备用
BY05AX230,备用
BY05AX231,备用
BY05AX232,备用
BY05AX233,备用
BY05AX234,备用
BY05AX235,备用
BY05AX236,备用
BY05AX237,备用
BY05AX238,备用
BY05AX239,备用
BY05AX240,备用
BY05AX241,备用
BY05AX242,备用
BY05AX243,备用
BY05AX244,备用
BY05AX245,备用
BY05AX246,备用
BY05AX247,备用
BY05AX248,备用
BY05AX249,备用
BY05AX250,备用
BY05AX251,备用
BY05AX252,备用
BY05AX253,备用
BY05AX254,备用
BY05AX255,备用
BY05AX256,备用
BY05AX257,备用
BY05AX258,备用
BY05AX259,备用
BY05AX260,备用
BY05AX261,备用
BY05AX262,备用
BY05AX263,备用
BY05AX264,备用
BY05AX265,备用
BY05AX266,备用
BY05AX267,备用
BY05AX268,备用
BY05AX269,备用
BY05AX270,备用
BY05AX271,备用
BY05AX272,备用
BY05AX273,备用
BY05AX274,备用
BY05AX275,备用
BY05AX276,备用
BY05AX277,备用
BY05AX278,备用
BY05AX279,备用
BY05AX280,备用
BY05AX281,备用
BY05AX282,备用
BY05AX283,备用
BY05AX284,备用
BY05AX285,备用
BY05AX286,备用
BY05AX287,备用
BY05AX288,备用
BY05AX289,备用
BY05AX290,备用
BY05AX291,备用
BY05AX292,备用
BY05AX293,备用
BY05AX294,备用
BY05AX295,备用
BY05AX296,备用
BY05AX297,备用
BY05AX298,备用
BY05AX299,备用
BY05AX300,备用
BY06AX001,一回路泵电机油冷机温度反馈
BY06AX002,二回路泵电机油冷机温度反馈
BY06AX003,熔盐空气换热器进口空气温度反馈
BY06AX004,二回路泵电机油出口空气温度反馈
BY06AX005,排气塔出口温度反馈
BY06AX006,一回路泵上轴承温度
BY06AX007,一回路泵下轴承温度
BY06AX008,备用
BY06AX009,备用
BY06AX010,备用
BY06AX011,二回路泵上轴承温度
BY06AX012,二回路泵下轴承温度
BY06AX013,备用
BY06AX014,备用
BY06AX015,备用
BY06AX016,一回路泵电机变频器频率反馈
BY06AX017,一回路泵电机变频器电流反馈
BY06AX018,一回路泵电机变频器速度反馈
BY06AX019,一回路泵电机上轴承振动01
BY06AX020,一回路泵电机上轴承振动02
BY06AX021,一回路泵电机上轴承振动03
BY06AX022,一回路泵电机下轴承振动01
BY06AX023,一回路泵电机下轴承振动02
BY06AX024,一回路泵电机下轴承振动03
BY06AX025,一回路泵电机油冷机流量反馈
BY06AX026,一回路泵电机油冷机压力反馈
BY06AX027,一回路泵雷达液位计
BY06AX028,一回路熔盐流量计流量F1
BY06AX029,一回路熔盐冷却剂压力P1
BY06AX030,一回路熔盐冷却剂压力P2
BY06AX031,二回路熔盐冷却剂流量计F2
BY06AX032,二回路泵电机变频器频率反馈
BY06AX033,二回路泵电机变频器电流反馈
BY06AX034,二回路泵电机转速监测
BY06AX035,二回路泵电机上轴承振动01
BY06AX036,二回路泵电机上轴承振动02
BY06AX037,二回路泵电机上轴承振动03
BY06AX038,二回路泵电机下轴承振动01
BY06AX039,二回路泵电机下轴承振动02
BY06AX040,二回路泵电机下轴承振动03
BY06AX041,二回路泵电机油冷机流量反馈
BY06AX042,二回路泵电机油冷机压力反馈
BY06AX043,二回路泵电机干气密封压差
BY06AX044,二回路泵电机干气密封泄漏量
BY06AX045,备用
BY06AX046,备用
BY06AX047,备用
BY06AX048,冷冻阀冷却流量调节阀流量反馈V1
BY06AX049,冷冻阀冷却流量调节阀流量反馈V2
BY06AX050,冷冻阀冷却流量调节阀流量反馈V3
BY06AX051,冷冻阀冷却流量调节阀流量反馈V4
BY06AX052,冷冻阀流量测量1
BY06AX053,冷冻阀流量测量2
BY06AX054,冷冻阀流量测量3
BY06AX055,冷冻阀流量测量4
BY06AX056,冷冻阀压力测量1
BY06AX057,冷冻阀压力测量2
BY06AX058,冷冻阀压力测量3
BY06AX059,冷冻阀压力测量4
BY06AX060,冷冻阀冷却风机01频率反馈
BY06AX061,冷冻阀冷却风机02频率反馈
BY06AX062,冷冻阀冷却风机03频率反馈
BY06AX063,冷冻阀冷却风机04频率反馈
BY06AX064,熔盐空气换热器主通道流量测量
BY06AX065,备用
BY06AX066,备用
BY06AX067,备用
BY06AX068,熔盐空气换热器次通道流量测量
BY06AX069,备用
BY06AX070,熔盐空气换热器预热炉进口高温阀开度反馈
BY06AX071,熔盐空气换热器预热炉进口高温阀开度反馈
BY06AX072,熔盐空气换热器混风阀
BY06AX073,熔盐空气换热器主路闸阀开度反馈
BY06AX074,熔盐空气换热器次路闸阀开度反馈
BY06AX075,熔盐空气换热器主路碟阀开度反馈
BY06AX076,熔盐空气换热器次路碟阀开度反馈
BY06AX077,熔盐空气换热器主路风机频率反馈
BY06AX078,熔盐空气换热器次路风机频率反馈01
BY06AX079,熔盐空气换热器次路风机频率反馈02
BY06AX080,一回路泵电机干气密封泄漏量
BY06AX081,一回路泵干气密封气压差计压差
BY06AX082,一回路压差计△P4（双熔盐换热器）
BY06AX083,一回路压差计△P5（双熔盐换热器）
BY06AX084,一回路泵进出口压差△P1压差
BY06AX085,△P2堆进出口压差
BY06AX086,△P3二回路泵进出口压差
BY06AX087,二回路泵罐雷达液位计
BY06AX088,备用
BY06AX089,备用
BY06AX090,备用
BY06AX091,备用
BY06AX092,备用
BY06AX093,备用
BY06AX094,备用
BY06AX095,备用
BY06AX096,备用
BY06AX097,备用
BY06AX098,备用
BY06AX099,备用
BY06AX100,备用
BY06AX101,备用
BY06AX102,备用
BY06AX103,备用
BY06AX104,备用
BY06AX105,备用
BY06AX106,备用
BY06AX107,备用
BY06AX108,备用
BY06AX109,备用
BY06AX110,备用
BY06AX111,备用
BY06AX112,备用
BY06AX113,备用
BY06AX114,备用
BY06AX115,备用
BY06AX116,备用
BY06AX117,备用
BY06AX118,备用
BY06AX119,备用
BY06AX120,备用
BY06AX121,备用
BY06AX122,备用
BY06AX123,备用
BY06AX124,备用
BY06AX125,备用
BY06AX126,备用
BY06AX127,备用
BY06AX128,备用
BY06AX129,备用
BY06AX130,备用
BY06AX131,备用
BY06AX132,备用
BY06AX133,备用
BY06AX134,备用
BY06AX135,备用
BY06AX136,备用
BY06AX137,备用
BY06AX138,备用
BY06AX139,备用
BY06AX140,备用
BY06AX141,备用
BY06AX142,备用
BY06AX143,备用
BY06AX144,备用
BY06AX145,备用
BY06AX146,备用
BY06AX147,备用
BY06AX148,备用
BY06AX149,备用
BY06AX150,备用
BY06AX151,备用
BY06AX152,备用
BY06AX153,备用
BY06AX154,备用
BY06AX155,备用
BY06AX156,备用
BY06AX157,备用
BY06AX158,备用
BY06AX159,备用
BY06AX160,备用
BY06AX161,备用
BY06AX162,备用
BY06AX163,备用
BY06AX164,备用
BY06AX165,备用
BY06AX166,备用
BY06AX167,备用
BY06AX168,备用
BY06AX169,备用
BY06AX170,备用
BY06AX171,备用
BY06AX172,备用
BY06AX173,备用
BY06AX174,备用
BY06AX175,备用
BY06AX176,备用
BY06AX177,备用
BY06AX178,备用
BY06AX179,备用
BY06AX180,备用
BY06AX181,备用
BY06AX182,备用
BY06AX183,备用
BY06AX184,备用
BY06AX185,备用
BY06AX186,备用
BY06AX187,备用
BY06AX188,备用
BY06AX189,备用
BY06AX190,备用
BY06AX191,备用
BY06AX192,备用
BY06AX193,备用
BY06AX194,备用
BY06AX195,备用
BY06AX196,备用
BY06AX197,备用
BY06AX198,备用
BY06AX199,备用
BY06AX200,备用
BY06AX201,备用
BY06AX202,备用
BY06AX203,备用
BY06AX204,备用
BY06AX205,备用
BY06AX206,备用
BY06AX207,备用
BY06AX208,备用
BY06AX209,备用
BY06AX210,备用
BY06AX211,备用
BY06AX212,备用
BY06AX213,备用
BY06AX214,备用
BY06AX215,备用
BY06AX216,备用
BY06AX217,备用
BY06AX218,备用
BY06AX219,备用
BY06AX220,备用
BY06AX221,备用
BY06AX222,备用
BY06AX223,备用
BY06AX224,备用
BY06AX225,备用
BY06AX226,备用
BY06AX227,备用
BY06AX228,备用
BY06AX229,备用
BY06AX230,备用
BY06AX231,备用
BY06AX232,备用
BY06AX233,备用
BY06AX234,备用
BY06AX235,备用
BY06AX236,备用
BY06AX237,备用
BY06AX238,备用
BY06AX239,备用
BY06AX240,备用
BY06AX241,备用
BY06AX242,备用
BY06AX243,备用
BY06AX244,备用
BY06AX245,备用
BY06AX246,备用
BY06AX247,备用
BY06AX248,备用
BY06AX249,备用
BY06AX250,备用
BY06AX251,备用
BY06AX252,备用
BY06AX253,备用
BY06AX254,备用
BY06AX255,备用
BY06AX256,备用
BY06AX257,备用
BY06AX258,备用
BY06AX259,备用
BY06AX260,备用
BY06AX261,备用
BY06AX262,备用
BY06AX263,备用
BY06AX264,备用
BY06AX265,备用
BY06AX266,备用
BY06AX267,备用
BY06AX268,备用
BY06AX269,备用
BY06AX270,备用
BY06AX271,备用
BY06AX272,备用
BY06AX273,备用
BY06AX274,备用
BY06AX275,备用
BY06AX276,备用
BY06AX277,备用
BY06AX278,备用
BY06AX279,备用
BY06AX280,备用
BY06AX281,备用
BY06AX282,备用
BY06AX283,备用
BY06AX284,备用
BY06AX285,备用
BY06AX286,备用
BY06AX287,备用
BY06AX288,备用
BY06AX289,备用
BY06AX290,备用
BY06AX291,备用
BY06AX292,备用
BY06AX293,备用
BY06AX294,备用
BY06AX295,备用
BY06AX296,备用
BY06AX297,备用
BY06AX298,备用
BY06AX299,备用
BY06AX300,备用
BY07AX001,余排换热装置内壁(710，210°，1600
BY07AX002,余排换热装置内壁(710，210°，2200)
BY07AX003,余排换热装置外壁(863，210°，1600)
BY07AX004,余排换热装置外壁(863，210°，2200)
BY07AX005,余排换热装置出口空气温度(786.5，202°，2360)
BY07AX006,内隔热层内壁温度(903，300°，2810)
BY07AX007,外墙内壁温度(1403，300°，2810)
BY07AX008,外隔热层内壁温度(1153，300°，2810)
BY07AX009,内隔热层内壁温度(903，300°，1160)
BY07AX010,内隔热层内壁温度(903，300°，1820)
BY07AX011,外墙内壁温度(1403，300°，1160)
BY07AX012,外墙内壁温度(1403，300°，1820)
BY07AX013,外隔热层内壁温度(1153，300°，1160)
BY07AX014,外隔热层内壁温度(1153，300°，1820)
BY07AX015,下堆舱外墙外壁(0，0°，-6)
BY07AX016,外墙内壁温度(0，0°，0)
BY07AX017,余排换热装置内壁(710，330°，1600)
BY07AX018,余排换热装置内壁(710，330°，2200)
BY07AX019,余排换热装置外壁(863，330°，1600)
BY07AX020,余排换热装置外壁(863，330°，2200)
BY07AX021,余排换热装置进口空气温度(786.5，338°，1440)
BY07AX022,内隔热层内壁温度(0，0°，500)
BY07AX023,外隔热层内壁温度(0，0°，250)
BY07AX024,下堆舱外墙外壁温度(1411，300°，1160)
BY07AX025,下堆舱外墙外壁温度(1411，300°，1820)
BY07AX026,下堆舱外墙外壁温度(1411，300°，2810)
BY07AX027,余排换热装置内壁(710，150°，1600)
BY07AX028,余排换热装置内壁(710，150°，2200)
BY07AX029,余排换热装置外壁(863，150°，1600)
BY07AX030,余排换热装置外壁(863，150°，2200)
BY07AX031,余排换热装置进口空气温度(786.5，158°，2360)
BY07AX032,内隔热层内壁温度(903，120°，2810)
BY07AX033,外圈内壁温度(1403，120°，2810)
BY07AX034,外隔热层内壁温度(1153，120°，2810)
BY07AX035,内隔热层内壁温度(903，120°，1160)
BY07AX036,内隔热层内壁温度(903，120°，1820)
BY07AX037,外墙内壁温度(1403，120°，1160)
BY07AX038,外墙内壁温度(1403，120°，1820)
BY07AX039,外隔热层内壁温度(1153，120°，1160)
BY07AX040,外隔热层内壁温度(1153，120°，1160)
BY07AX041,外隔热层内壁温度(1153，120°，1820)
BY07AX042,外隔热层内壁温度(1153，120°，1820)
BY07AX043,下堆舱外墙外壁(700，120°，-6)
BY07AX044,外墙内壁温度(700，120°，0)
BY07AX045,余排换热装置内壁(710，30°，1600)
BY07AX046,余排换热装置内壁(710，30°，2200)
BY07AX047,余排换热装置外壁(863，30°，1600)
BY07AX048,余排换热装置外壁(863，30°，2200)
BY07AX049,"余排换热装置进口空气温度(786.5，22°，1440)

"
BY07AX050,内隔热层内壁温度(700，120°，500)
BY07AX051,外隔热层内壁温度(700，120°，250)
BY07AX052,下堆舱外墙外壁(1411，120°，1160)
BY07AX053,下堆舱外墙外壁(1411，120°，1820)
BY07AX054,下堆舱外墙外壁(1411，120°，2810)
BY07AX055,"堆芯测温#1，（自上往下）261,60°，5105"
BY07AX056,"堆芯测温#1 261,60°，5105"
BY07AX057,"堆芯测温#1261,60°，5105"
BY07AX058,"堆芯测温#1261,60°，5105"
BY07AX059,"堆芯测温#1261,60°，5105"
BY07AX060,"堆芯测温#1261,60°，5105"
BY07AX061,顶盖侧面保温层表面（770，0°，4481）
BY07AX062,顶盖侧面保温层（770，0°，4166）
BY07AX063,"堆芯测温#2 447,57°，5105"
BY07AX064,"堆芯测温#2447,57°，5105"
BY07AX065,"堆芯测温#2447,57°，5105"
BY07AX066,"堆芯测温#2447,57°，5105"
BY07AX067,"堆芯测温#2447,57°，5105"
BY07AX068,"堆芯测温#2447,57°，5105"
BY07AX069,"堆容器支撑梁600,45°，4211"
BY07AX070,"堆容器支撑梁1100,45°，4211"
BY07AX071,"堆容器支撑梁1800,45°，4211"
BY07AX072,"堆容器测温(30°，Z=1850)(512,30°,2541)"
BY07AX073,"堆容器测温(60°，Z=1750)(512,60°,2641)"
BY07AX074,"堆容器测温(60°，Z=1850)(512,60°,2541)"
BY07AX075,"堆容器测温(90°，Z=300)(512,90°,4091)"
BY07AX076,"堆容器测温(90°，Z=600)(512,90°,3791)"
BY07AX077,"堆容器测温(90°，Z=860)(512,90°,3531)"
BY07AX078,"堆容器测温(90°，Z=1350)(512,90°,3041)"
BY07AX079,堆容器测温(90°，Z=3550)(0，75°，833)
BY07AX080,"堆容器测温(90°，Z=1650)(512,90°,2741)"
BY07AX081,"堆容器测温(90°，Z=1850)(512,90°,2541)"
BY07AX082,"堆容器测温(90°，Z=2150)(512,90°,2241)"
BY07AX083,"堆容器测温(90°，Z=2490)(512,90°，1901)"
BY07AX084,"堆容器测温(90°，Z=2830)(512,90°，1561)"
BY07AX085,"堆容器测温(90°，Z=3050)(512,90°，1341)"
BY07AX086,"上下堆舱隔热层（720，90°,3416）"
BY07AX087,"上下堆舱隔热层（1000，90°,3916）"
BY07AX088,"堆芯测温#3261,150°，5105"
BY07AX089,"堆芯测温#3261,150°，5105"
BY07AX090,"堆芯测温#3261,150°，5105"
BY07AX091,"堆芯测温#3261,150°，5105"
BY07AX092,"堆芯测温#3261,150°，5105"
BY07AX093,"堆芯测温#3261,150°，5105"
BY07AX094,"上堆舱内空气温度测量900,90°，4041"
BY07AX095,"顶盖上管脚温度测量387,112.5°，4581"
BY07AX096,"堆芯测温#4402.5,147°，5105"
BY07AX097,"堆芯测温#4402.5,147°，5105"
BY07AX098,"堆芯测温#4402.5,147°，5105"
BY07AX099,"堆芯测温#4402.5,147°，5105"
BY07AX100,"堆芯测温#4402.5,147°，5105"
BY07AX101,"堆芯测温#4402.5,147°，5105"
BY07AX102,"顶盖上保温层上表面140,30°，4621"
BY07AX103,"顶盖上保温层上表面300,90°，4621"
BY07AX104,"顶盖上表面59,90°，4571"
BY07AX105,"顶盖上表面387,135°，4571"
BY07AX106,"顶盖上表面560,135°，4571"
BY07AX107,"顶盖侧面保温层表面770,180°，4481"
BY07AX108,"顶盖侧面保温层770,180°，4166"
BY07AX109,"顶盖上管脚温度测量42,180°，5000"
BY07AX110,"顶盖上管脚温度测量144,120°，5000"
BY07AX111,"顶盖上管脚温度测量144,120°，5000"
BY07AX112,"堆芯测温#5261,240°，5105"
BY07AX113,"堆芯测温#5261,240°，5105"
BY07AX114,"堆芯测温#5261,240°，5105"
BY07AX115,"堆芯测温#5261,240°，5105"
BY07AX116,"堆芯测温#5261,240°，5105"
BY07AX117,"堆芯测温#5261,240°，5105"
BY07AX118,"上堆舱内空气温度测量261,240°，5800"
BY07AX119,堆芯测温#6331.5，240°，5105
BY07AX120,堆芯测温#6331.5，240°，5105
BY07AX121,堆芯测温#6331.5，240°，5105
BY07AX122,堆芯测温#6331.5，240°，5105
BY07AX123,堆芯测温#6331.5，240°，5105
BY07AX124,堆芯测温#6331.5，240°，5105
BY07AX125,上堆舱内空气温度测量0，0°，7200
BY07AX126,上堆舱内空气温度测量360，225°，4871
BY07AX127,堆芯测温#7447，237°，5105
BY07AX128,堆芯测温#7447，237°，5105
BY07AX129,堆芯测温#7447，237°，5105
BY07AX130,堆芯测温#7447，237°，5105
BY07AX131,堆芯测温#7447，237°，5105
BY07AX132,堆芯测温#7447，237°，5105
BY07AX133,模拟驱动电机温度637.5，202.5°，6271
BY07AX134,模拟驱动电机温度312.5，202.5°，6271
BY07AX135,模拟驱动电机温度475，202.5°，6271
BY07AX136,"模拟驱动电机温度637.5,202.5°,6380"
BY07AX137,"控制棒模拟通道420,202.5°,3751"
BY07AX138,"控制棒模拟通道420,202.5°,4571"
BY07AX139,"控制棒模拟通道420,202.5°,5571"
BY07AX140,上堆舱内空气温度测量850，202.5°，6271
BY07AX141,"堆容器测温(180°，Z=1650)(512,180°，2741)"
BY07AX142,"堆容器测温(180°，Z=1850)(512,180°，2541)"
BY07AX143,"堆容器测温(270°，Z=300)(512,270°，4091)"
BY07AX144,"堆容器测温(270°，Z=600)(512,270°，3791)"
BY07AX145,"堆容器测温(270°，Z=860)(512,270°，3531)"
BY07AX146,"堆容器测温(270°，Z=1350)(512,270°，3041)"
BY07AX147,上下堆舱隔热层（720，270°3416）
BY07AX148,上下堆舱隔热层（1000，270°，3916）
BY07AX149,顶盖上表面260，270°4571
BY07AX150,顶盖上表面140，270°4571
BY07AX151,顶盖上表面500，270°4571
BY07AX152,顶盖下表面510，270°4391
BY07AX153,顶盖下表面560，270°4391
BY07AX154,顶盖上保温层上表面360，225°4621
BY07AX155,上堆舱内空气温度测量1250，270°5891
BY07AX156,"堆容器测温(0°，Z=1650)(512,0°,2741)"
BY07AX157,"堆容器测温(0°，Z=1850)(512,0°,2541)"
BY07AX158,"堆容器测温(270°，Z=1650)(512,270°，2741)"
BY07AX159,"堆容器测温(270°，Z=1850)(512,270°，2541)"
BY07AX160,"堆容器测温(270°，Z=2150)(512,270°，2241)"
BY07AX161,"堆容器测温(270°，Z=2490)(512,270°，1901)"
BY07AX162,"堆容器测温(270°，Z=2830)(512,270°，1561)"
BY07AX163,"堆容器测温(270°，Z=3050)(512,270°，1341)"
BY07AX164,堆芯测温#8261.5，330°，5105
BY07AX165,堆芯测温#8261.5，330°，5105
BY07AX166,堆芯测温#8261.5，330°，5105
BY07AX167,堆芯测温#8261.5，330°，5105
BY07AX168,堆芯测温#8261.5，330°，5105
BY07AX169,堆芯测温#8261.5，330°，5105
BY07AX170,堆芯测温#9331.5，330°，5105
BY07AX171,堆芯测温#9331.5，330°，5105
BY07AX172,堆芯测温#9331.5，330°，5105
BY07AX173,堆芯测温#9331.5，330°，5105
BY07AX174,堆芯测温#9331.5，330°，5105
BY07AX175,堆芯测温#9331.5，330°，5105
BY07AX176,上堆舱外墙与顶盖温度1403，270°，5891
BY07AX177,堆芯测温#10331.5，330°，5105
BY07AX178,堆芯测温#10331.5，330°，5105
BY07AX179,堆芯测温#10331.5，330°，5105
BY07AX180,堆芯测温#10331.5，330°，5105
BY07AX181,堆芯测温#10331.5，330°，5105
BY07AX182,堆芯测温#10331.5，330°，5105
BY07AX183,顶盖上管脚温度测量387，270°，4581
BY07AX184,上堆舱外墙与顶盖温度261，315°，7900
BY07AX185,上堆舱外墙与顶盖温度（261，315°，7910）
BY07AX186,上堆舱外墙与顶盖温度（1409，270°，5891）
BY07AX187,备用
BY07AX188,备用
BY07AX189,备用
BY07AX190,备用
BY07AX191,备用
BY07AX192,备用
BY07AX193,备用
BY07AX194,备用
BY07AX195,备用
BY07AX196,备用
BY07AX197,备用
BY07AX198,备用
BY07AX199,备用
BY07AX200,备用
BY07AX201,备用
BY07AX202,备用
BY07AX203,备用
BY07AX204,备用
BY07AX205,备用
BY07AX206,备用
BY07AX207,备用
BY07AX208,备用
BY07AX209,备用
BY07AX210,备用
BY07AX211,备用
BY07AX212,备用
BY07AX213,备用
BY07AX214,备用
BY07AX215,备用
BY07AX216,备用
BY07AX217,备用
BY07AX218,备用
BY07AX219,备用
BY07AX220,备用
BY07AX221,备用
BY07AX222,备用
BY07AX223,备用
BY07AX224,备用
BY07AX225,备用
BY07AX226,备用
BY07AX227,备用
BY07AX228,备用
BY07AX229,备用
BY07AX230,备用
BY07AX231,备用
BY07AX232,备用
BY07AX233,备用
BY07AX234,备用
BY07AX235,备用
BY07AX236,备用
BY07AX237,备用
BY07AX238,备用
BY07AX239,备用
BY07AX240,备用
BY07AX241,备用
BY07AX242,备用
BY07AX243,备用
BY07AX244,备用
BY07AX245,备用
BY07AX246,备用
BY07AX247,备用
BY07AX248,备用
BY07AX249,备用
BY07AX250,备用
BY07AX251,备用
BY07AX252,备用
BY07AX253,备用
BY07AX254,备用
BY07AX255,备用
BY07AX256,备用
BY07AX257,备用
BY07AX258,备用
BY07AX259,备用
BY07AX260,备用
BY07AX261,备用
BY07AX262,备用
BY07AX263,备用
BY07AX264,备用
BY07AX265,备用
BY07AX266,备用
BY07AX267,备用
BY07AX268,备用
BY07AX269,备用
BY07AX270,备用
BY07AX271,备用
BY07AX272,备用
BY07AX273,备用
BY07AX274,备用
BY07AX275,备用
BY07AX276,备用
BY07AX277,备用
BY07AX278,备用
BY07AX279,备用
BY07AX280,备用
BY07AX281,备用
BY07AX282,备用
BY07AX283,备用
BY07AX284,备用
BY07AX285,备用
BY07AX286,备用
BY07AX287,备用
BY07AX288,备用
BY07AX289,备用
BY07AX290,备用
BY07AX291,备用
BY07AX292,备用
BY07AX293,备用
BY07AX294,备用
BY07AX295,备用
BY07AX296,备用
BY07AX297,备用
BY07AX298,备用
BY07AX299,备用
BY07AX300,备用
BY08AX001,备用
BY08AX002,备用
BY08AX003,备用
BY08AX004,备用
BY08AX005,备用
BY08AX006,备用
BY08AX007,备用
BY08AX008,备用
BY08AX009,备用
BY08AX010,备用
BY08AX011,备用
BY08AX012,备用
BY08AX013,备用
BY08AX014,备用
BY08AX015,备用
BY08AX016,备用
BY08AX017,备用
BY08AX018,备用
BY08AX019,备用
BY08AX020,备用
BY08AX021,备用
BY08AX022,备用
BY08AX023,备用
BY08AX024,备用
BY08AX025,备用
BY08AX026,备用
BY08AX027,备用
BY08AX028,备用
BY08AX029,备用
BY08AX030,备用
BY08AX031,备用
BY08AX032,备用
BY08AX033,备用
BY08AX034,备用
BY08AX035,备用
BY08AX036,备用
BY08AX037,备用
BY08AX038,备用
BY08AX039,备用
BY08AX040,备用
BY08AX041,备用
BY08AX042,备用
BY08AX043,备用
BY08AX044,备用
BY08AX045,备用
BY08AX046,备用
BY08AX047,备用
BY08AX048,备用
BY08AX049,备用
BY08AX050,备用
BY08AX051,备用
BY08AX052,备用
BY08AX053,备用
BY08AX054,备用
BY08AX055,备用
BY08AX056,备用
BY08AX057,备用
BY08AX058,备用
BY08AX059,备用
BY08AX060,备用
BY08AX061,备用
BY08AX062,备用
BY08AX063,备用
BY08AX064,备用
BY08AX065,备用
BY08AX066,备用
BY08AX067,备用
BY08AX068,备用
BY08AX069,备用
BY08AX070,备用
BY08AX071,备用
BY08AX072,备用
BY08AX073,备用
BY08AX074,备用
BY08AX075,备用
BY08AX076,备用
BY08AX077,备用
BY08AX078,备用
BY08AX079,备用
BY08AX080,备用
BY08AX081,备用
BY08AX082,备用
BY08AX083,备用
BY08AX084,备用
BY08AX085,备用
BY08AX086,备用
BY08AX087,备用
BY08AX088,备用
BY08AX089,备用
BY08AX090,备用
BY08AX091,备用
BY08AX092,备用
BY08AX093,备用
BY08AX094,备用
BY08AX095,备用
BY08AX096,备用
BY08AX097,备用
BY08AX098,备用
BY08AX099,备用
BY08AX100,备用
BY08AX101,备用
BY08AX102,备用
BY08AX103,备用
BY08AX104,备用
BY08AX105,备用
BY08AX106,备用
BY08AX107,备用
BY08AX108,备用
BY08AX109,备用
BY08AX110,备用
BY08AX111,备用
BY08AX112,备用
BY08AX113,备用
BY08AX114,备用
BY08AX115,备用
BY08AX116,备用
BY08AX117,备用
BY08AX118,备用
BY08AX119,备用
BY08AX120,备用
BY08AX121,备用
BY08AX122,备用
BY08AX123,备用
BY08AX124,备用
BY08AX125,备用
BY08AX126,备用
BY08AX127,备用
BY08AX128,备用
BY08AX129,备用
BY08AX130,备用
BY08AX131,备用
BY08AX132,备用
BY08AX133,备用
BY08AX134,备用
BY08AX135,备用
BY08AX136,备用
BY08AX137,备用
BY08AX138,备用
BY08AX139,备用
BY08AX140,备用
BY08AX141,备用
BY08AX142,备用
BY08AX143,备用
BY08AX144,备用
BY08AX145,备用
BY08AX146,备用
BY08AX147,备用
BY08AX148,备用
BY08AX149,备用
BY08AX150,备用
BY08AX151,备用
BY08AX152,备用
BY08AX153,备用
BY08AX154,备用
BY08AX155,备用
BY08AX156,备用
BY08AX157,备用
BY08AX158,备用
BY08AX159,备用
BY08AX160,备用
BY08AX161,备用
BY08AX162,备用
BY08AX163,备用
BY08AX164,备用
BY08AX165,备用
BY08AX166,备用
BY08AX167,备用
BY08AX168,备用
BY08AX169,备用
BY08AX170,备用
BY08AX171,备用
BY08AX172,备用
BY08AX173,备用
BY08AX174,备用
BY08AX175,备用
BY08AX176,备用
BY08AX177,备用
BY08AX178,备用
BY08AX179,备用
BY08AX180,备用
BY08AX181,备用
BY08AX182,备用
BY08AX183,备用
BY08AX184,备用
BY08AX185,备用
BY08AX186,备用
BY08AX187,备用
BY08AX188,备用
BY08AX189,备用
BY08AX190,备用
BY08AX191,备用
BY08AX192,备用
BY08AX193,备用
BY08AX194,备用
BY08AX195,备用
BY08AX196,备用
BY08AX197,备用
BY08AX198,备用
BY08AX199,备用
BY08AX200,备用
BY08AX201,备用
BY08AX202,备用
BY08AX203,备用
BY08AX204,备用
BY08AX205,备用
BY08AX206,备用
BY08AX207,备用
BY08AX208,备用
BY08AX209,备用
BY08AX210,备用
BY08AX211,备用
BY08AX212,备用
BY08AX213,备用
BY08AX214,备用
BY08AX215,备用
BY08AX216,备用
BY08AX217,备用
BY08AX218,备用
BY08AX219,备用
BY08AX220,备用
BY08AX221,备用
BY08AX222,备用
BY08AX223,备用
BY08AX224,备用
BY08AX225,备用
BY08AX226,备用
BY08AX227,备用
BY08AX228,备用
BY08AX229,备用
BY08AX230,备用
BY08AX231,备用
BY08AX232,备用
BY08AX233,备用
BY08AX234,备用
BY08AX235,备用
BY08AX236,备用
BY08AX237,备用
BY08AX238,备用
BY08AX239,备用
BY08AX240,备用
BY08AX241,备用
BY08AX242,备用
BY08AX243,备用
BY08AX244,备用
BY08AX245,备用
BY08AX246,备用
BY08AX247,备用
BY08AX248,备用
BY08AX249,备用
BY08AX250,备用
BY08AX251,备用
BY08AX252,备用
BY08AX253,备用
BY08AX254,备用
BY08AX255,备用
BY08AX256,备用
BY08AX257,备用
BY08AX258,备用
BY08AX259,备用
BY08AX260,备用
BY08AX261,备用
BY08AX262,备用
BY08AX263,备用
BY08AX264,备用
BY08AX265,备用
BY08AX266,备用
BY08AX267,备用
BY08AX268,备用
BY08AX269,备用
BY08AX270,备用
BY08AX271,备用
BY08AX272,备用
BY08AX273,备用
BY08AX274,备用
BY08AX275,备用
BY08AX276,备用
BY08AX277,备用
BY08AX278,备用
BY08AX279,备用
BY08AX280,备用
BY08AX281,备用
BY08AX282,备用
BY08AX283,备用
BY08AX284,备用
BY08AX285,备用
BY08AX286,备用
BY08AX287,备用
BY08AX288,备用
BY08AX289,备用
BY08AX290,备用
BY08AX291,备用
BY08AX292,备用
BY08AX293,备用
BY08AX294,备用
BY08AX295,备用
BY08AX296,备用
BY08AX297,备用
BY08AX298,备用
BY08AX299,备用
BY08AX300,备用
10KRB05CP001:PT01-CIC,P1201压力1监测
10KRB05CP002:PT01-CIC,P1202压力2监测
10KRB05CP003:PT01-CIC,P1203压力1监测
10KRB05CP004:PT01-CIC,P1204压力1监测
10KRB05CP005:PT01-CIC,P1205压力1监测
10KRB05CP006:PT01-CIC,P1206压力1监测
10KRB05CP007:PT01-CIC,P1207压力1监测
10KRB05BP001:FT01-CIC,F1201流量监测
10KRB05BP002:FT01-CIC,F1202流量监测
10KRB05BP003:FT01-CIC,F1203流量监测
10KRB05BP004:FT01-CIC,F1204流量监测
10KRB05BP005:FT01-CIC,F1205流量监测
10KRB03CP001:PT01-CIC,P1301压力1监测
10KRB03CP002:PT01-CIC,P1302压力1监测
10KRB03CP003:PT01-CIC,P1303压力监测
10KRB03CP004:PT01-CIC,P1304压力监测
10KRB03CP005:PT01-CIC,P1305压力监测
10KRB03CP006:PT01-CIC,P1306压力1监测
10KRB03BP001:FT01-CIC,F1301流量监测
10KRB03BP002:FT01-CIC,F1302流量监测
10KRB03BP003:FT01-CIC,F1303流量监测
10KRB03BP004:FT01-CIC,F1304流量监测
10KRB04CP001:PT01-CIC,P1401压力1监测
10KRB04CP002:PT01-CIC,P1402压力1监测
10KRB04CP003:PT01-CIC,P1403压力监测
10KRB04CP004:PT01-CIC,P1404压力监测
10KRB04CP005:PT01-CIC,P1405压力监测
10KRB04CP006:PT01-CIC,P1406压力监测
10KRB04BP001:FT01-CIC,F1401流量监测
10KRB04BP002:FT01-CIC,F1402流量监测
10KRB04BP003:FT01-CIC,F1403流量监测
10KRB04BP004:FT01-CIC,F1404流量监测
10KRB04BP005:FT01-CIC,F1405流量监测
10KRB06CP001:PT01-CIC,P1601压力监测
10KRB06CP002:PT01-CIC,P1602压力监测
10KRB06CP003:PT01-CIC,P1603压力监测
10KRB06CP004:PT01-CIC,P1604压力监测
10KRB06CP005:PT01-CIC,P1605压力监测
10KRB06CP006:PT01-CIC,P1606压力监测
10KRB06CP007:PT01-CIC,P1607压力监测
10KRB06CP008:PT01-CIC,P1608压力监测
10KRB06CP009:PT01-CIC,P1609压力监测
10KRB06CP010:PT01-CIC,P1610压力监测
10KRB06BP001:FT01-CIC,F1601流量监测
10KRB06BP002:FT01-CIC,F1602流量监测
10KRB06BP003:FT01-CIC,F1603流量监测
10KRB06BP004:FT01-CIC,F1604流量监测
10KRB06BP005:FT01-CIC,F1605流量监测
10KRB06BP006:FT01-CIC,F1606流量监测
10KRB06BP007:FT01-CIC,F1607流量监测
10KRB02AX001:WT01-CIC,E1101监测
10KRB02AX002:WT01-CIC,A1102监测
10KRB01CP001:PT01-CIC,P1101压力监测
10KRB01CP002:PT01-CIC,P1102压力监测
10KRB07CP008:PT01-CIC,P1508压力监测
10KRB07CP009:PT01-CIC,P1509压力监测
10KRB07CP010:PT01-CIC,P1510压力监测
10KRB07CP011:PT01-CIC,P1511压力监测
10KRB07CP012:PT01-CIC,P1512压力监测
10KRB07CP013:PT01-CIC,P1513压力监测
10KRB07BP001:FT01-CIC,F1501流量监测
10KRB07BP002:FT01-CIC,F1502流量监测
10KRBCP001:PT01-CIC,P1501压力监测
10KRBCP002:PT01-CIC,P1502压力监测
10KRBCP003:PT01-CIC,P1503压力监测
10KRBCP004:PT01-CIC,P1504压力监测
10KRBCP005:PT01-CIC,P1505压力监测
10KRBCP006:PT01-CIC,P1307压力监测
10KRBCP007:PT01-CIC,P1407压力监测
10KRB05AA201:PCVZ01-COC,RV1201压力调节
10KRB05BP001:FCVZ01-COC,F1201流量控制
10KRB05BP002:FCVZ01-COC,F1202流量控制
10KRB05BP003:FCVZ01-COC,F1203流量控制
10KRB05BP004:FCVZ01-COC,F1204流量控制
10KRB05BP005:FCVZ01-COC,F1205流量控制
10KRB03AA201:PCVZ01-COC,RV1301压力调节
10KRB03AA202:PCVZ01-COC,RV1302压力调节
10KRB03BP001:FCVZ01-COC,F1301流量控制
10KRB03BP002:FCVZ01-COC,F1302流量控制
10KRB03BP003:FCVZ01-COC,F1303流量控制
10KRB03BP004:FCVZ01-COC,F1304流量控制
10KRB04AA201:PCVZ01-COC,RV1401压力调节
10KRB04AA202:PCVZ01-COC,RV1402压力调节
10KRB04BP001:FCVZ01-COC,F1401流量控制
10KRB04BP002:FCVZ01-COC,F1402流量控制
10KRB04BP003:FCVZ01-COC,F1403流量控制
10KRB04BP004:FCVZ01-COC,F1404流量控制
10KRB04BP005:FCVZ01-COC,F1405流量控制
10KRB06AA201:PCVZ01-COC,RV1601压力调节
10KRB06BP001:FCVZ01-COC,F1601流量控制
10KRB06BP002:FCVZ01-COC,F1602流量控制
10KRB06BP003:FCVZ01-COC,F1603流量控制
10KRB06BP004:FCVZ01-COC,F1604流量控制
10KRB06BP005:FCVZ01-COC,F1605流量控制
10KRB06BP006:FCVZ01-COC,F1606流量控制
10KRB06BP007:FCVZ01-COC,F1607流量控制
10KRB07BP001:FCVZ01-COC,F1501流量控制
10KRB07BP002:FCVZ01-COC,F1502流量控制
10KRBCT001:TT01-CIC,T1501温度监测
10KRBCT002:TT01-CIC,T1502温度监测
10KRBCT003:TT01-CIC,T1503温度监测
10KRBCT004:TT01-CIC,T1504温度监测
10KRBCT005:TT01-CIC,T1601温度监测
10KRBCT006:TT01-CIC,T1601温度监测
10KRBCP001:PT01-SET,P1501额定压力设定值
10KRBCP002:PT01-SET,P1502额定压力设定值
10KRBCP003:PT01-SET,P1503额定压力设定值
10KRBCP004:PT01-SET,P1504额定压力设定值
10KRBCP005:PT01-SET,P1505额定压力设定值
10KRB07CP008:PT01-SET,P1508额定压力设定值
10KRB07CP009:PT01-SET,P1509额定压力设定值
10KRB07CP010:PT01-SET,P1510额定压力设定值
10KRB07CP011:PT01-SET,P1511额定压力设定值
10KRB07CP012:PT01-SET,P1512额定压力设定值
10KRB07CP013:PT01-SET,P1513额定压力设定值
10KRB07BP002:FT01-SET,F1502额定流量设定值
10KRBCP001:UP-SET,P1501上限压力设定值
10KRBCP002:UP-SET,P1502上限压力设定值
10KRBCP004:UP-SET,P1504上限压力设定值
10KRB07CP008-09:PT01-SET,P1508-P1509额定压差设定值
10KRB07CP010-11:PT01-SET,P1510-P1511额定压差设定值
10KRB07CP012-13:PT01-SET,P1512-P1513额定压差设定值
10KRB05BP001:FV-SET,F1201进口流量设定值
10KRB05BP002:FV-SET,F1202进口流量设定值
10KRB03BP001:FV-SET,F1301进口流量设定值
10KRB07BP002:FV-SET,F1502出口流量设定值
10KRB03BP004:FV-SET,F1304进口流量设定值
10KRB07BP001:FCVZ01-delta,F1501出口流量增量值
10KRB07BP002:FCVZ01-delta,F1502出口流量增量值
10KRB04BP002:FCVZ01-SET,F1402进口流量设定值
10KRB04BP004:FCVZ01-SET,F1404进口流量设定值
10KRB07BP001:FCVZ01-SET,F1501出口流量设定值
10KRB04BP005:FCVZ01-SET,F1405进口流量设定值
FBRV1201P,RV1201压力调节反馈
FBRV1301P,RV1301压力调节反馈
FBRV1302P,RV1302压力调节反馈
FBRV1401P,RV1401压力调节反馈
FBRV1402P,RV1402压力调节反馈
FBRV1601P,RV1601压力调节反馈
F1203LFB,F1203流量控制反馈
F1204LFB,F1204流量控制反馈
F1205LFB,F1205流量控制反馈
F1302LFB,F1302流量控制反馈
F1303LFB,F1303流量控制反馈
F1401LFB,F1401流量控制反馈
F1403LFB,F1403流量控制反馈
F1601LFB,F1601流量控制反馈
F1602LFB,F1602流量控制反馈
F1603LFB,F1603流量控制反馈
F1604LFB,F1604流量控制反馈
F1605LFB,F1605流量控制反馈
F1606LFB,F1606流量控制反馈
F1607LFB,F1607流量控制反馈
F1502LFB,F1502流量控制反馈
F1501LFB,F1501流量控制反馈
P1501PS,P1501压力波动范围设定值
P1504PS,P1504压力波动范围设定值
P1502PS,P1502压力波动范围设定值
BY09AX159,备用
BY09AX160,备用
BY09AX161,备用
BY09AX162,备用
BY09AX163,备用
BY09AX164,备用
BY09AX165,备用
BY09AX166,备用
BY09AX167,备用
BY09AX168,备用
BY09AX169,备用
BY09AX170,备用
BY09AX171,备用
BY09AX172,备用
BY09AX173,备用
BY09AX174,备用
BY09AX175,备用
BY09AX176,备用
BY09AX177,备用
BY09AX178,备用
BY09AX179,备用
BY09AX180,备用
BY09AX181,备用
BY09AX182,备用
BY09AX183,备用
BY09AX184,备用
BY09AX185,备用
BY09AX186,备用
BY09AX187,备用
BY09AX188,备用
BY09AX189,备用
BY09AX190,备用
BY09AX191,备用
BY09AX192,备用
BY09AX193,备用
BY09AX194,备用
BY09AX195,备用
BY09AX196,备用
BY09AX197,备用
BY09AX198,备用
BY09AX199,备用
BY09AX200,备用
BY09AX201,备用
BY09AX202,备用
BY09AX203,备用
BY09AX204,备用
BY09AX205,备用
BY09AX206,备用
BY09AX207,备用
BY09AX208,备用
BY09AX209,备用
BY09AX210,备用
BY09AX211,备用
BY09AX212,备用
BY09AX213,备用
BY09AX214,备用
BY09AX215,备用
BY09AX216,备用
BY09AX217,备用
BY09AX218,备用
BY09AX219,备用
BY09AX220,备用
BY09AX221,备用
BY09AX222,备用
BY09AX223,备用
BY09AX224,备用
BY09AX225,备用
BY09AX226,备用
BY09AX227,备用
BY09AX228,备用
BY09AX229,备用
BY09AX230,备用
BY09AX231,备用
BY09AX232,备用
BY09AX233,备用
BY09AX234,备用
BY09AX235,备用
BY09AX236,备用
BY09AX237,备用
BY09AX238,备用
BY09AX239,备用
BY09AX240,备用
BY09AX241,备用
BY09AX242,备用
BY09AX243,备用
BY09AX244,备用
BY09AX245,备用
BY09AX246,备用
BY09AX247,备用
BY09AX248,备用
BY09AX249,备用
BY09AX250,备用
BY09AX251,备用
BY09AX252,备用
BY09AX253,备用
BY09AX254,备用
BY09AX255,备用
BY09AX256,备用
BY09AX257,备用
BY09AX258,备用
BY09AX259,备用
BY09AX260,备用
BY09AX261,备用
BY09AX262,备用
BY09AX263,备用
BY09AX264,备用
BY09AX265,备用
BY09AX266,备用
BY09AX267,备用
BY09AX268,备用
BY09AX269,备用
BY09AX270,备用
BY09AX271,备用
BY09AX272,备用
BY09AX273,备用
BY09AX274,备用
BY09AX275,备用
BY09AX276,备用
BY09AX277,备用
BY09AX278,备用
BY09AX279,备用
BY09AX280,备用
BY09AX281,备用
BY09AX282,备用
BY09AX283,备用
BY09AX284,备用
BY09AX285,备用
BY09AX286,备用
BY09AX287,备用
BY09AX288,备用
BY09AX289,备用
BY09AX290,备用
BY09AX291,备用
BY09AX292,备用
BY09AX293,备用
BY09AX294,备用
BY09AX295,备用
BY09AX296,备用
BY09AX297,备用
BY09AX298,备用
BY09AX299,备用
BY09AX300,备用
BY10AX001,1#-1加热丝保护温度（800）
BY10AX002,1#-1加热区温度测量（320）
BY10AX003,1#-1加热区温度测量（620）
BY10AX004,1#-1加热区温度测量（920）
BY10AX005,1#-1上腔室温度测量（1340）
BY10AX006,1#-1保温层温度测量（2490）
BY10AX007,2#-1加热丝保护温度（800）
BY10AX008,2#-1加热区温度测量（320）
BY10AX009,2#-1加热区温度测量（620）
BY10AX010,2#-1加热区温度测量（920）
BY10AX011,2#-1上腔室温度测量（1340）
BY10AX012,2#-1保温层温度测量（2490）
BY10AX013,2#-2加热丝保护温度（800）
BY10AX014,2#-3加热丝保护温度（800）
BY10AX015,2#-4加热丝保护温度（800）
BY10AX016,2#-4加热区温度测量（320）
BY10AX017,2#-4加热区温度测量（620）
BY10AX018,2#-4加热区温度测量（920）
BY10AX019,2#-4上腔室温度测量（1340）
BY10AX020,2#-4保温层温度测量（2490）
BY10AX021,2#-5加热丝保护温度（800）
BY10AX022,2#-6加热丝保护温度（800）
BY10AX023,3#-2加热丝保护温度（800）
BY10AX024,3#-3加热丝保护温度（800）
BY10AX025,3#-5加热丝保护温度（800）
BY10AX026,3#-6加热丝保护温度（800）
BY10AX027,3#-8加热丝保护温度（800）
BY10AX028,3#-9加热丝保护温度（800）
BY10AX029,3#-11加热丝保护温度（800）
BY10AX030,3#-12加热丝保护温度（800）
BY10AX031,3#-1加热丝保护温度（800）
BY10AX032,3#-1加热区温度测量（320）
BY10AX033,3#-1加热区温度测量（620）
BY10AX034,3#-1加热区温度测量（920）
BY10AX035,3#-1上腔室温度测量（1340）
BY10AX036,3#-1保温层温度测量（2490）
BY10AX037,3#-4加热丝保护温度（800）
BY10AX038,3#-4加热区温度测量（320）
BY10AX039,3#-4加热区温度测量（620）
BY10AX040,3#-4加热区温度测量（920）
BY10AX041,3#-4上腔室温度测量（1340）
BY10AX042,3#-4保温层温度测量（2490）
BY10AX043,3#-7加热丝保护温度（800）
BY10AX044,3#-7加热区温度测量（320）
BY10AX045,3#-7加热区温度测量（620）
BY10AX046,3#-7加热区温度测量（920）
BY10AX047,3#-7上腔室温度测量（1340）
BY10AX048,3#-7保温层温度测量（2490）
BY10AX049,3#-10加热丝保护温度（800）
BY10AX050,3#-10加热区温度测量（320）
BY10AX051,3#-10加热区温度测量（620）
BY10AX052,3#-10加热区温度测量（920）
BY10AX053,3#-10上腔室温度测量（1340）
BY10AX054,3#-10保温层温度测量（2490）
BY10AX055,堆芯液位
BY10AX056,备用
BY10AX057,备用
BY10AX058,备用
BY10AX059,备用
BY10AX060,备用
BY10AX061,备用
BY10AX062,备用
BY10AX063,备用
BY10AX064,备用
BY10AX065,备用
BY10AX066,备用
BY10AX067,备用
BY10AX068,备用
BY10AX069,备用
BY10AX070,备用
BY10AX071,备用
BY10AX072,备用
BY10AX073,备用
BY10AX074,备用
BY10AX075,备用
BY10AX076,备用
BY10AX077,备用
BY10AX078,备用
BY10AX079,备用
BY10AX080,备用
BY10AX081,备用
BY10AX082,备用
BY10AX083,备用
BY10AX084,备用
BY10AX085,备用
BY10AX086,备用
BY10AX087,备用
BY10AX088,备用
BY10AX089,备用
BY10AX090,备用
BY10AX091,备用
BY10AX092,备用
BY10AX093,备用
BY10AX094,备用
BY10AX095,备用
BY10AX096,备用
BY10AX097,备用
BY10AX098,备用
BY10AX099,备用
BY10AX100,备用
BY10AX101,备用
BY10AX102,备用
BY10AX103,备用
BY10AX104,备用
BY10AX105,备用
BY10AX106,备用
BY10AX107,备用
BY10AX108,备用
BY10AX109,备用
BY10AX110,备用
BY10AX111,备用
BY10AX112,备用
BY10AX113,备用
BY10AX114,备用
BY10AX115,备用
BY10AX116,备用
BY10AX117,备用
BY10AX118,备用
BY10AX119,备用
BY10AX120,备用
BY10AX121,备用
BY10AX122,备用
BY10AX123,备用
BY10AX124,备用
BY10AX125,备用
BY10AX126,备用
BY10AX127,备用
BY10AX128,备用
BY10AX129,备用
BY10AX130,备用
BY10AX131,备用
BY10AX132,备用
BY10AX133,备用
BY10AX134,备用
BY10AX135,备用
BY10AX136,备用
BY10AX137,备用
BY10AX138,备用
BY10AX139,备用
BY10AX140,备用
BY10AX141,备用
BY10AX142,备用
BY10AX143,备用
BY10AX144,备用
BY10AX145,备用
BY10AX146,备用
BY10AX147,备用
BY10AX148,备用
BY10AX149,备用
BY10AX150,备用
BY10AX151,备用
BY10AX152,备用
BY10AX153,备用
BY10AX154,备用
BY10AX155,备用
BY10AX156,备用
BY10AX157,备用
BY10AX158,备用
BY10AX159,备用
BY10AX160,备用
BY10AX161,备用
BY10AX162,备用
BY10AX163,备用
BY10AX164,备用
BY10AX165,备用
BY10AX166,备用
BY10AX167,备用
BY10AX168,备用
BY10AX169,备用
BY10AX170,备用
BY10AX171,备用
BY10AX172,备用
BY10AX173,备用
BY10AX174,备用
BY10AX175,备用
BY10AX176,备用
BY10AX177,备用
BY10AX178,备用
BY10AX179,备用
BY10AX180,备用
BY10AX181,备用
BY10AX182,备用
BY10AX183,备用
BY10AX184,备用
BY10AX185,备用
BY10AX186,备用
BY10AX187,备用
BY10AX188,备用
BY10AX189,备用
BY10AX190,备用
BY10AX191,备用
BY10AX192,备用
BY10AX193,备用
BY10AX194,备用
BY10AX195,备用
BY10AX196,备用
BY10AX197,备用
BY10AX198,备用
BY10AX199,备用
BY10AX200,备用
BY10AX201,备用
BY10AX202,备用
BY10AX203,备用
BY10AX204,备用
BY10AX205,备用
BY10AX206,备用
BY10AX207,备用
BY10AX208,备用
BY10AX209,备用
BY10AX210,备用
BY10AX211,备用
BY10AX212,备用
BY10AX213,备用
BY10AX214,备用
BY10AX215,备用
BY10AX216,备用
BY10AX217,备用
BY10AX218,备用
BY10AX219,备用
BY10AX220,备用
BY10AX221,备用
BY10AX222,备用
BY10AX223,备用
BY10AX224,备用
BY10AX225,备用
BY10AX226,备用
BY10AX227,备用
BY10AX228,备用
BY10AX229,备用
BY10AX230,备用
BY10AX231,备用
BY10AX232,备用
BY10AX233,备用
BY10AX234,备用
BY10AX235,备用
BY10AX236,备用
BY10AX237,备用
BY10AX238,备用
BY10AX239,备用
BY10AX240,备用
BY10AX241,备用
BY10AX242,备用
BY10AX243,备用
BY10AX244,备用
BY10AX245,备用
BY10AX246,备用
BY10AX247,备用
BY10AX248,备用
BY10AX249,备用
BY10AX250,备用
BY10AX251,备用
BY10AX252,备用
BY10AX253,备用
BY10AX254,备用
BY10AX255,备用
BY10AX256,备用
BY10AX257,备用
BY10AX258,备用
BY10AX259,备用
BY10AX260,备用
BY10AX261,备用
BY10AX262,备用
BY10AX263,备用
BY10AX264,备用
BY10AX265,备用
BY10AX266,备用
BY10AX267,备用
BY10AX268,备用
BY10AX269,备用
BY10AX270,备用
BY10AX271,备用
BY10AX272,备用
BY10AX273,备用
BY10AX274,备用
BY10AX275,备用
BY10AX276,备用
BY10AX277,备用
BY10AX278,备用
BY10AX279,备用
BY10AX280,备用
BY10AX281,备用
BY10AX282,备用
BY10AX283,备用
BY10AX284,备用
BY10AX285,备用
BY10AX286,备用
BY10AX287,备用
BY10AX288,备用
BY10AX289,备用
BY10AX290,备用
BY10AX291,备用
BY10AX292,备用
BY10AX293,备用
BY10AX294,备用
BY10AX295,备用
BY10AX296,备用
BY10AX297,备用
BY10AX298,备用
BY10AX299,备用
BY10AX300,备用
HP01:temp1,堆出口温度01
HP01:temp2,堆出口温度02
HP01:temp3,堆进口温度01
HP01:temp4,堆进口温度02
HP02:temp1,一回路进口温度
HP02:temp2,一回路出口温度
HP02:temp3,二回路进口温度
HP02:temp4,二回路出口温度
HP03:temp1,二回路冷却进口温度
HP03:temp2,二回路冷却出口温度
